current,filename,current_subfolder,score_5_plex,score_6_plex,verdict
/Users/sunniyaremchuk/RealEstate_Organized/Allendale (generic)/Financials/Pro-forma Allendale 5 Unit  (1).xlsx,Pro-forma Allendale 5 Unit  (1).xlsx,Financials,1,0,Allendale 5-Plex (6408 106 St)
/Users/sunniyaremchuk/RealEstate_Organized/Allendale (generic)/Financials/Allendale 1 Budget (1).xlsx,Allendale 1 Budget (1).xlsx,Financials,1,0,Allendale 5-Plex (6408 106 St)
/Users/sunniyaremchuk/RealEstate_Organized/Allendale (generic)/Financials/10646 61 Ave Allendale Cashflow .xlsx,10646 61 Ave Allendale Cashflow .xlsx,Financials,0,2,Allendale 6-Plex (10646 61 Ave)
/Users/sunniyaremchuk/RealEstate_Organized/Allendale (generic)/Financials/10646 61 Ave Allendale Cashflow  (1).xlsx,10646 61 Ave Allendale Cashflow  (1).xlsx,Financials,0,2,Allendale 6-Plex (10646 61 Ave)
/Users/sunniyaremchuk/RealEstate_Organized/Allendale (generic)/Financials/ALLENDALE PRIVATE FINANCING 5 PLEX BUDGET.pdf,ALLENDALE PRIVATE FINANCING 5 PLEX BUDGET.pdf,Financials,1,0,Allendale 5-Plex (6408 106 St)
/Users/sunniyaremchuk/RealEstate_Organized/Allendale (generic)/Financials/Allendale 1 Budget.xlsx,Allendale 1 Budget.xlsx,Financials,1,0,Allendale 5-Plex (6408 106 St)
/Users/sunniyaremchuk/RealEstate_Organized/Allendale (generic)/Financials/6-Units Allendale Cost Breakdown.xlsx,6-Units Allendale Cost Breakdown.xlsx,Financials,0,0,(stay) no address evidence
/Users/sunniyaremchuk/RealEstate_Organized/Allendale (generic)/Financials/Allendale_ Cost Breakdown.xlsx,Allendale_ Cost Breakdown.xlsx,Financials,0,0,(stay) no address evidence
/Users/sunniyaremchuk/RealEstate_Organized/Allendale (generic)/Financials/Allendale 5 Unit Budget .xlsx,Allendale 5 Unit Budget .xlsx,Financials,1,0,Allendale 5-Plex (6408 106 St)
/Users/sunniyaremchuk/RealEstate_Organized/Allendale (generic)/Financials/Allendale_Cost To Date Summary.xlsx,Allendale_Cost To Date Summary.xlsx,Financials,3,2,Allendale 5-Plex (6408 106 St)
/Users/sunniyaremchuk/RealEstate_Organized/Allendale (generic)/Contracts/Ltr -Contract termination Allendale 5plex (1).pdf,Ltr -Contract termination Allendale 5plex (1).pdf,Contracts,1,0,Allendale 5-Plex (6408 106 St)
/Users/sunniyaremchuk/RealEstate_Organized/Allendale (generic)/Plans & Permits/2441288-SurveyPlan Allendale 6408 Survey.pdf,2441288-SurveyPlan Allendale 6408 Survey.pdf,Plans & Permits,1,0,Allendale 5-Plex (6408 106 St)
/Users/sunniyaremchuk/RealEstate_Organized/Allendale (generic)/_NeedsReview/Allendale_QS_cost_log_FINAL_with_BTY.xlsx,Allendale_QS_cost_log_FINAL_with_BTY.xlsx,_NeedsReview,3,2,Allendale 5-Plex (6408 106 St)
/Users/sunniyaremchuk/RealEstate_Organized/Allendale (generic)/_NeedsReview/Allendale_Holding_Cost_Summary.xlsx,Allendale_Holding_Cost_Summary.xlsx,_NeedsReview,0,1,Allendale 6-Plex (10646 61 Ave)
/Users/sunniyaremchuk/RealEstate_Organized/Allendale (generic)/_NeedsReview/Allendale_Sources_Uses_1.xlsx,Allendale_Sources_Uses_1.xlsx,_NeedsReview,0,3,Allendale 6-Plex (10646 61 Ave)
/Users/sunniyaremchuk/RealEstate_Organized/Allendale (generic)/_NeedsReview/Allendale 6408 Cost Overview - CLEAN.xlsx,Allendale 6408 Cost Overview - CLEAN.xlsx,_NeedsReview,3,1,Allendale 5-Plex (6408 106 St)
/Users/sunniyaremchuk/RealEstate_Organized/Allendale (generic)/_NeedsReview/Allendale 61 INC. Credit Facility and Promissory Note - (CMI)May2024.pdf - signed.pdf,Allendale 61 INC. Credit Facility and Promissory Note - (CMI)May2024.pdf - signed.pdf,_NeedsReview,0,0,(stay) no address evidence
/Users/sunniyaremchuk/RealEstate_Organized/Allendale (generic)/_NeedsReview/Allendale_Merged_Equity_SoftCosts.xlsx,Allendale_Merged_Equity_SoftCosts.xlsx,_NeedsReview,0,0,(stay) no address evidence
/Users/sunniyaremchuk/RealEstate_Organized/Allendale (generic)/_NeedsReview/Allendale_Project_Cost.xlsx,Allendale_Project_Cost.xlsx,_NeedsReview,0,3,Allendale 6-Plex (10646 61 Ave)
/Users/sunniyaremchuk/RealEstate_Organized/Allendale (generic)/_NeedsReview/Complete_with_Docusign_Allendale_61_INC_GSA.pdf,Complete_with_Docusign_Allendale_61_INC_GSA.pdf,_NeedsReview,0,2,Allendale 6-Plex (10646 61 Ave)
/Users/sunniyaremchuk/RealEstate_Organized/Allendale (generic)/_NeedsReview/Allendale_Partner_Steps.xlsx,Allendale_Partner_Steps.xlsx,_NeedsReview,3,0,Allendale 5-Plex (6408 106 St)
/Users/sunniyaremchuk/RealEstate_Organized/Allendale (generic)/_NeedsReview/Allendale_6408_Cost_Overview_-_CLEAN.xlsx,Allendale_6408_Cost_Overview_-_CLEAN.xlsx,_NeedsReview,3,1,Allendale 5-Plex (6408 106 St)
/Users/sunniyaremchuk/RealEstate_Organized/Allendale (generic)/_NeedsReview/2025-01-09 ALLENDALE 6_PLEX - DESIGN PCKG (003).pdf,2025-01-09 ALLENDALE 6_PLEX - DESIGN PCKG (003).pdf,_NeedsReview,2,0,Allendale 5-Plex (6408 106 St)
/Users/sunniyaremchuk/RealEstate_Organized/Allendale (generic)/_NeedsReview/Allendale_Equity_SoftCosts_Styled (1).xlsx,Allendale_Equity_SoftCosts_Styled (1).xlsx,_NeedsReview,0,0,(stay) no address evidence
/Users/sunniyaremchuk/RealEstate_Organized/Allendale (generic)/_NeedsReview/Allendale 6408 Cost Overview - FINAL.xlsx,Allendale 6408 Cost Overview - FINAL.xlsx,_NeedsReview,3,1,Allendale 5-Plex (6408 106 St)
/Users/sunniyaremchuk/RealEstate_Organized/Allendale (generic)/_NeedsReview/Allendale_6Plex_Full_Partner_Model.xlsx,Allendale_6Plex_Full_Partner_Model.xlsx,_NeedsReview,0,0,(stay) no address evidence
/Users/sunniyaremchuk/RealEstate_Organized/Allendale (generic)/_NeedsReview/Allendale_Investment_Summary.docx,Allendale_Investment_Summary.docx,_NeedsReview,0,4,Allendale 6-Plex (10646 61 Ave)
"/Users/sunniyaremchuk/RealEstate_Organized/Allendale (generic)/_NeedsReview/24-48-Allendale Five-Plex- Progress April 14, 2025.pdf","24-48-Allendale Five-Plex- Progress April 14, 2025.pdf",_NeedsReview,2,0,Allendale 5-Plex (6408 106 St)
/Users/sunniyaremchuk/RealEstate_Organized/Allendale (generic)/_NeedsReview/Allendale6408 106 Street NW Title (1).pdf,Allendale6408 106 Street NW Title (1).pdf,_NeedsReview,0,0,(stay) no address evidence
/Users/sunniyaremchuk/RealEstate_Organized/Allendale (generic)/_NeedsReview/Allendale_Master_Cost_Summary_v2.xlsx,Allendale_Master_Cost_Summary_v2.xlsx,_NeedsReview,2,0,Allendale 5-Plex (6408 106 St)
/Users/sunniyaremchuk/RealEstate_Organized/Allendale (generic)/_NeedsReview/Allendale_QS.xlsx,Allendale_QS.xlsx,_NeedsReview,2,0,Allendale 5-Plex (6408 106 St)
/Users/sunniyaremchuk/RealEstate_Organized/Allendale (generic)/_NeedsReview/a7fcf722-3aba-4270-8642-ad13438bb1f9%2FAllendale_61__Credit_Facility_Note_GSA_Share_Pledge_(Dec_5_2025).pdf,a7fcf722-3aba-4270-8642-ad13438bb1f9%2FAllendale_61__Credit_Facility_Note_GSA_Share_Pledge_(Dec_5_2025).pdf,_NeedsReview,0,2,Allendale 6-Plex (10646 61 Ave)
/Users/sunniyaremchuk/RealEstate_Organized/Allendale (generic)/_NeedsReview/15313 6-Unit Complex 10646 61 Ave Allendale DRAFT.pdf,15313 6-Unit Complex 10646 61 Ave Allendale DRAFT.pdf,_NeedsReview,0,3,Allendale 6-Plex (10646 61 Ave)
/Users/sunniyaremchuk/RealEstate_Organized/Allendale (generic)/_NeedsReview/Allendale_Lender_Final.xlsx,Allendale_Lender_Final.xlsx,_NeedsReview,3,0,Allendale 5-Plex (6408 106 St)
/Users/sunniyaremchuk/RealEstate_Organized/Allendale (generic)/_NeedsReview/Allendale_Partner_Meeting_Pack_FINAL.docx,Allendale_Partner_Meeting_Pack_FINAL.docx,_NeedsReview,0,1,Allendale 6-Plex (10646 61 Ave)
/Users/sunniyaremchuk/RealEstate_Organized/Allendale (generic)/_NeedsReview/Allendale_Deal_Summary.xlsx,Allendale_Deal_Summary.xlsx,_NeedsReview,0,3,Allendale 6-Plex (10646 61 Ave)
/Users/sunniyaremchuk/RealEstate_Organized/Allendale (generic)/_NeedsReview/Allendale_Equity_SoftCosts_Model.xlsx,Allendale_Equity_SoftCosts_Model.xlsx,_NeedsReview,0,0,(stay) no address evidence
/Users/sunniyaremchuk/RealEstate_Organized/Allendale (generic)/_NeedsReview/Allendale_Summary 10646 61 Ave.docx,Allendale_Summary 10646 61 Ave.docx,_NeedsReview,0,2,Allendale 6-Plex (10646 61 Ave)
/Users/sunniyaremchuk/RealEstate_Organized/Allendale (generic)/_NeedsReview/Allendale 61 INC. GSA - signed.pdf,Allendale 61 INC. GSA - signed.pdf,_NeedsReview,0,0,(stay) no address evidence
/Users/sunniyaremchuk/RealEstate_Organized/Allendale (generic)/_NeedsReview/Allendale_Loan_Advance_BTY.xlsx,Allendale_Loan_Advance_BTY.xlsx,_NeedsReview,0,0,(stay) no address evidence
/Users/sunniyaremchuk/RealEstate_Organized/Allendale (generic)/_NeedsReview/Allendale 61 INC. GSA .pdf,Allendale 61 INC. GSA .pdf,_NeedsReview,0,0,(stay) no address evidence
/Users/sunniyaremchuk/RealEstate_Organized/Allendale (generic)/_NeedsReview/Allendale_CMHC_Refi_Scenarios.pdf,Allendale_CMHC_Refi_Scenarios.pdf,_NeedsReview,0,2,Allendale 6-Plex (10646 61 Ave)
/Users/sunniyaremchuk/RealEstate_Organized/Allendale (generic)/_NeedsReview/Allendale_Equity_SoftCosts_Styled (2).xlsx,Allendale_Equity_SoftCosts_Styled (2).xlsx,_NeedsReview,0,0,(stay) no address evidence
/Users/sunniyaremchuk/RealEstate_Organized/Allendale (generic)/_NeedsReview/Allendale_Equity_Model_soft149166.xlsx,Allendale_Equity_Model_soft149166.xlsx,_NeedsReview,0,2,Allendale 6-Plex (10646 61 Ave)
/Users/sunniyaremchuk/RealEstate_Organized/Allendale (generic)/_NeedsReview/Allendale_Deal_Summary_2.xlsx,Allendale_Deal_Summary_2.xlsx,_NeedsReview,0,3,Allendale 6-Plex (10646 61 Ave)
/Users/sunniyaremchuk/RealEstate_Organized/Allendale (generic)/_NeedsReview/Allendale_Investor_Report_1.xlsx,Allendale_Investor_Report_1.xlsx,_NeedsReview,0,3,Allendale 6-Plex (10646 61 Ave)
/Users/sunniyaremchuk/RealEstate_Organized/Allendale (generic)/_NeedsReview/Allendale_Build_Cost_Summary.xlsx,Allendale_Build_Cost_Summary.xlsx,_NeedsReview,0,3,Allendale 6-Plex (10646 61 Ave)
/Users/sunniyaremchuk/RealEstate_Organized/Allendale (generic)/_NeedsReview/Allendale Atco.pdf,Allendale Atco.pdf,_NeedsReview,2,0,Allendale 5-Plex (6408 106 St)
/Users/sunniyaremchuk/RealEstate_Organized/Allendale (generic)/_NeedsReview/Allendale_Cost_Summary_Simple.xlsx,Allendale_Cost_Summary_Simple.xlsx,_NeedsReview,0,3,Allendale 6-Plex (10646 61 Ave)
/Users/sunniyaremchuk/RealEstate_Organized/Allendale (generic)/_NeedsReview/Allendale_6408_Cost-to-Date.xlsx,Allendale_6408_Cost-to-Date.xlsx,_NeedsReview,4,2,Allendale 5-Plex (6408 106 St)
/Users/sunniyaremchuk/RealEstate_Organized/Allendale (generic)/_NeedsReview/Allendale_UPDATED_Model_Conservative.xlsx,Allendale_UPDATED_Model_Conservative.xlsx,_NeedsReview,0,2,Allendale 6-Plex (10646 61 Ave)
/Users/sunniyaremchuk/RealEstate_Organized/Allendale (generic)/_NeedsReview/Allendale_6408_5-Plex_BTY_Draft.xlsx,Allendale_6408_5-Plex_BTY_Draft.xlsx,_NeedsReview,4,2,Allendale 5-Plex (6408 106 St)
/Users/sunniyaremchuk/RealEstate_Organized/Allendale (generic)/_NeedsReview/E2025-07-CI-001 Allendale Billing #1 - 26_08_2025.pdf,E2025-07-CI-001 Allendale Billing #1 - 26_08_2025.pdf,_NeedsReview,2,0,Allendale 5-Plex (6408 106 St)
/Users/sunniyaremchuk/RealEstate_Organized/Allendale (generic)/_NeedsReview/Allendale_Soft_Cost 6408 106 St (1).xlsx,Allendale_Soft_Cost 6408 106 St (1).xlsx,_NeedsReview,2,0,Allendale 5-Plex (6408 106 St)
/Users/sunniyaremchuk/RealEstate_Organized/Allendale (generic)/_NeedsReview/Allendale_6408_CMHC_Budget_$1.7M.xlsx,Allendale_6408_CMHC_Budget_$1.7M.xlsx,_NeedsReview,3,1,Allendale 5-Plex (6408 106 St)
"/Users/sunniyaremchuk/RealEstate_Organized/Allendale (generic)/_NeedsReview/BTY Group Proposal - Sunrize Investments, Allendale Apartments, Edmonton, AB (1).pdf","BTY Group Proposal - Sunrize Investments, Allendale Apartments, Edmonton, AB (1).pdf",_NeedsReview,0,1,Allendale 6-Plex (10646 61 Ave)
/Users/sunniyaremchuk/RealEstate_Organized/Allendale (generic)/_NeedsReview/6408 106 St Allendale - 003.pdf,6408 106 St Allendale - 003.pdf,_NeedsReview,2,0,Allendale 5-Plex (6408 106 St)
/Users/sunniyaremchuk/RealEstate_Organized/Allendale (generic)/_NeedsReview/15014 5-Unit Complex 6408 106 St Allendale DRAFT.pdf,15014 5-Unit Complex 6408 106 St Allendale DRAFT.pdf,_NeedsReview,3,0,Allendale 5-Plex (6408 106 St)
/Users/sunniyaremchuk/RealEstate_Organized/Allendale (generic)/_NeedsReview/Allendale_Deal_Summary_1.xlsx,Allendale_Deal_Summary_1.xlsx,_NeedsReview,0,3,Allendale 6-Plex (10646 61 Ave)
/Users/sunniyaremchuk/RealEstate_Organized/Allendale (generic)/_NeedsReview/Emanation Investments Inc. (2024-10-10 - Quote) Allendale 6408 Insurance.pdf,Emanation Investments Inc. (2024-10-10 - Quote) Allendale 6408 Insurance.pdf,_NeedsReview,2,0,Allendale 5-Plex (6408 106 St)
/Users/sunniyaremchuk/RealEstate_Organized/Allendale (generic)/_NeedsReview/Allendale_Investor_Report_2.xlsx,Allendale_Investor_Report_2.xlsx,_NeedsReview,0,3,Allendale 6-Plex (10646 61 Ave)
/Users/sunniyaremchuk/RealEstate_Organized/Allendale (generic)/_NeedsReview/E2025-07-CI-003 Allendale Claim 2 24_11_2025 (4).pdf,E2025-07-CI-003 Allendale Claim 2 24_11_2025 (4).pdf,_NeedsReview,2,0,Allendale 5-Plex (6408 106 St)
/Users/sunniyaremchuk/RealEstate_Organized/Allendale (generic)/_NeedsReview/Allendale_QS_cost_log_FINAL_for_QS.xlsx,Allendale_QS_cost_log_FINAL_for_QS.xlsx,_NeedsReview,3,2,Allendale 5-Plex (6408 106 St)
/Users/sunniyaremchuk/RealEstate_Organized/Allendale (generic)/_NeedsReview/Allendale_Investor_Report_3.xlsx,Allendale_Investor_Report_3.xlsx,_NeedsReview,0,3,Allendale 6-Plex (10646 61 Ave)
/Users/sunniyaremchuk/RealEstate_Organized/Allendale (generic)/_NeedsReview/Allendale_Comparison_Comps_UPDATED.xlsx,Allendale_Comparison_Comps_UPDATED.xlsx,_NeedsReview,0,0,(stay) no address evidence
/Users/sunniyaremchuk/RealEstate_Organized/Allendale (generic)/_NeedsReview/Allendale expense insurance.pdf,Allendale expense insurance.pdf,_NeedsReview,0,0,(stay) no address evidence
/Users/sunniyaremchuk/RealEstate_Organized/Allendale (generic)/_NeedsReview/Allendale 61 INC. Credit Facility and Promissory Note - (CMI)May2024.pdf (1).pdf,Allendale 61 INC. Credit Facility and Promissory Note - (CMI)May2024.pdf (1).pdf,_NeedsReview,0,0,(stay) no address evidence
/Users/sunniyaremchuk/RealEstate_Organized/Allendale (generic)/_NeedsReview/Allendale Invoice_13935_from_ProtechGeo__Material_Testing_Ltd FINAL.pdf,Allendale Invoice_13935_from_ProtechGeo__Material_Testing_Ltd FINAL.pdf,_NeedsReview,2,0,Allendale 5-Plex (6408 106 St)
/Users/sunniyaremchuk/RealEstate_Organized/Allendale (generic)/_NeedsReview/Allendale_Partner_Meeting_Pack.docx,Allendale_Partner_Meeting_Pack.docx,_NeedsReview,0,1,Allendale 6-Plex (10646 61 Ave)
/Users/sunniyaremchuk/RealEstate_Organized/Allendale (generic)/_NeedsReview/Allendale 61 INC. Credit Facility and Promissory Note - (CMI)May2024.pdf.pdf,Allendale 61 INC. Credit Facility and Promissory Note - (CMI)May2024.pdf.pdf,_NeedsReview,0,0,(stay) no address evidence
/Users/sunniyaremchuk/RealEstate_Organized/Allendale (generic)/_NeedsReview/Allendale_QS_cost_log_v4.xlsx,Allendale_QS_cost_log_v4.xlsx,_NeedsReview,3,2,Allendale 5-Plex (6408 106 St)
/Users/sunniyaremchuk/RealEstate_Organized/Allendale (generic)/_NeedsReview/Allendale_6Unit_ProForma.xlsx,Allendale_6Unit_ProForma.xlsx,_NeedsReview,0,1,Allendale 6-Plex (10646 61 Ave)
/Users/sunniyaremchuk/RealEstate_Organized/Allendale (generic)/_NeedsReview/Allendale_6408_CMHC_Cover_Memo.docx,Allendale_6408_CMHC_Cover_Memo.docx,_NeedsReview,3,1,Allendale 5-Plex (6408 106 St)
/Users/sunniyaremchuk/RealEstate_Organized/Allendale (generic)/_NeedsReview/E2025-07-CI-001 Allendale Billing #1 26_08_2025.pdf,E2025-07-CI-001 Allendale Billing #1 26_08_2025.pdf,_NeedsReview,2,0,Allendale 5-Plex (6408 106 St)
/Users/sunniyaremchuk/RealEstate_Organized/Allendale (generic)/_NeedsReview/Allendale_QS_cost_log.xlsx,Allendale_QS_cost_log.xlsx,_NeedsReview,0,0,(stay) no address evidence
/Users/sunniyaremchuk/RealEstate_Organized/Allendale (generic)/_NeedsReview/Complete_with_Docusign_Allendale_61_INC_GSA.zip,Complete_with_Docusign_Allendale_61_INC_GSA.zip,_NeedsReview,0,0,(stay) no address evidence
/Users/sunniyaremchuk/RealEstate_Organized/Allendale (generic)/_NeedsReview/E2025-07-CI-003 Allendale Claim 2 24_11_2025.pdf,E2025-07-CI-003 Allendale Claim 2 24_11_2025.pdf,_NeedsReview,2,0,Allendale 5-Plex (6408 106 St)
/Users/sunniyaremchuk/RealEstate_Organized/Allendale (generic)/_NeedsReview/CCDC Allendale Evara Project 6408 106 St.pdf,CCDC Allendale Evara Project 6408 106 St.pdf,_NeedsReview,2,0,Allendale 5-Plex (6408 106 St)
/Users/sunniyaremchuk/RealEstate_Organized/Allendale (generic)/_NeedsReview/SharePledge_Allendale61.pdf,SharePledge_Allendale61.pdf,_NeedsReview,0,0,(stay) no address evidence
/Users/sunniyaremchuk/RealEstate_Organized/Allendale (generic)/_NeedsReview/10646 61 Ave Allendale 6 Plex - 002.pdf,10646 61 Ave Allendale 6 Plex - 002.pdf,_NeedsReview,0,3,Allendale 6-Plex (10646 61 Ave)
/Users/sunniyaremchuk/RealEstate_Organized/Allendale (generic)/_NeedsReview/Allendale_Equity_Summary_May2026.pdf,Allendale_Equity_Summary_May2026.pdf,_NeedsReview,0,3,Allendale 6-Plex (10646 61 Ave)
/Users/sunniyaremchuk/RealEstate_Organized/Allendale (generic)/_NeedsReview/Allendale_Master_Cost_Summary.xlsx,Allendale_Master_Cost_Summary.xlsx,_NeedsReview,1,0,Allendale 5-Plex (6408 106 St)
/Users/sunniyaremchuk/RealEstate_Organized/Allendale (generic)/_NeedsReview/Allendale_Sources_Uses.xlsx,Allendale_Sources_Uses.xlsx,_NeedsReview,0,3,Allendale 6-Plex (10646 61 Ave)
/Users/sunniyaremchuk/RealEstate_Organized/Allendale (generic)/_NeedsReview/Allendale_Investor_Report.xlsx,Allendale_Investor_Report.xlsx,_NeedsReview,0,3,Allendale 6-Plex (10646 61 Ave)
/Users/sunniyaremchuk/RealEstate_Organized/Allendale (generic)/_NeedsReview/Allendale_Development_Capital_Stack.xlsx,Allendale_Development_Capital_Stack.xlsx,_NeedsReview,0,0,(stay) no address evidence
/Users/sunniyaremchuk/RealEstate_Organized/Allendale (generic)/_NeedsReview/Allendale 10646 61 Ave.pdf,Allendale 10646 61 Ave.pdf,_NeedsReview,0,2,Allendale 6-Plex (10646 61 Ave)
/Users/sunniyaremchuk/RealEstate_Organized/Allendale (generic)/_NeedsReview/10646 61 Ave Allendale 6 Plex - 003 (1).pdf,10646 61 Ave Allendale 6 Plex - 003 (1).pdf,_NeedsReview,0,3,Allendale 6-Plex (10646 61 Ave)
/Users/sunniyaremchuk/RealEstate_Organized/Allendale (generic)/_NeedsReview/Allendale_5Plex_Updated_Hard_Costs.xlsx,Allendale_5Plex_Updated_Hard_Costs.xlsx,_NeedsReview,1,0,Allendale 5-Plex (6408 106 St)
/Users/sunniyaremchuk/RealEstate_Organized/Allendale (generic)/_NeedsReview/Allendale_Complete_Model.xlsx,Allendale_Complete_Model.xlsx,_NeedsReview,0,0,(stay) no address evidence
/Users/sunniyaremchuk/RealEstate_Organized/Allendale (generic)/_NeedsReview/Allendale_Equity_SoftCosts_Styled.xlsx,Allendale_Equity_SoftCosts_Styled.xlsx,_NeedsReview,0,0,(stay) no address evidence
/Users/sunniyaremchuk/RealEstate_Organized/Allendale (generic)/_NeedsReview/Allendale_Investment_Proposal_.docx,Allendale_Investment_Proposal_.docx,_NeedsReview,0,1,Allendale 6-Plex (10646 61 Ave)
/Users/sunniyaremchuk/RealEstate_Organized/Allendale (generic)/_NeedsReview/CCDC Allendale Evara Project 6408 106 St (1).pdf,CCDC Allendale Evara Project 6408 106 St (1).pdf,_NeedsReview,2,0,Allendale 5-Plex (6408 106 St)
/Users/sunniyaremchuk/RealEstate_Organized/Allendale (generic)/_NeedsReview/Allendale_10646_61Ave_Financials.xlsx,Allendale_10646_61Ave_Financials.xlsx,_NeedsReview,0,3,Allendale 6-Plex (10646 61 Ave)
/Users/sunniyaremchuk/RealEstate_Organized/Allendale (generic)/_NeedsReview/Allendale_Equity_Model_UPDATED_348k.xlsx,Allendale_Equity_Model_UPDATED_348k.xlsx,_NeedsReview,0,2,Allendale 6-Plex (10646 61 Ave)
/Users/sunniyaremchuk/RealEstate_Organized/Allendale (generic)/_NeedsReview/Allendale_Master_Budget_Sources_Uses.xlsx,Allendale_Master_Budget_Sources_Uses.xlsx,_NeedsReview,0,0,(stay) no address evidence
/Users/sunniyaremchuk/RealEstate_Organized/Allendale (generic)/_NeedsReview/Allendale_CMHC_Budget.xlsx,Allendale_CMHC_Budget.xlsx,_NeedsReview,3,0,Allendale 5-Plex (6408 106 St)
/Users/sunniyaremchuk/RealEstate_Organized/Allendale (generic)/_NeedsReview/Allendale_Master_Budget_Sources_Uses_UPDATED.xlsx,Allendale_Master_Budget_Sources_Uses_UPDATED.xlsx,_NeedsReview,0,0,(stay) no address evidence
/Users/sunniyaremchuk/RealEstate_Organized/Allendale (generic)/_NeedsReview/Allendale Investment_Summary (1).docx,Allendale Investment_Summary (1).docx,_NeedsReview,0,4,Allendale 6-Plex (10646 61 Ave)
/Users/sunniyaremchuk/RealEstate_Organized/Allendale (generic)/_NeedsReview/Allendale_6408_CMHC_Document_Index.docx,Allendale_6408_CMHC_Document_Index.docx,_NeedsReview,4,2,Allendale 5-Plex (6408 106 St)
/Users/sunniyaremchuk/RealEstate_Organized/Allendale (generic)/_NeedsReview/Allendale 6 Unit .xlsx,Allendale 6 Unit .xlsx,_NeedsReview,0,1,Allendale 6-Plex (10646 61 Ave)
/Users/sunniyaremchuk/RealEstate_Organized/Allendale (generic)/Marketing & OM/Allendale- Good faith Deposit COI-CMLS Deposit .pdf,Allendale- Good faith Deposit COI-CMLS Deposit .pdf,Marketing & OM,0,0,(stay) no address evidence
/Users/sunniyaremchuk/RealEstate_Organized/Allendale (generic)/Legal/Allendale Closing Lawyer Bank Draft Calculation Lawyer Payments.pdf,Allendale Closing Lawyer Bank Draft Calculation Lawyer Payments.pdf,Legal,0,0,(stay) no address evidence
/Users/sunniyaremchuk/RealEstate_Organized/Allendale (generic)/Photos/allendale5.png,allendale5.png,Photos,0,0,(stay) no address evidence
/Users/sunniyaremchuk/RealEstate_Organized/Allendale (generic)/Photos/allendale6.png,allendale6.png,Photos,0,0,(stay) no address evidence
/Users/sunniyaremchuk/RealEstate_Organized/Allendale (generic)/Photos/New 5-unit infill in Allendale.png,New 5-unit infill in Allendale.png,Photos,1,0,Allendale 5-Plex (6408 106 St)
/Users/sunniyaremchuk/RealEstate_Organized/Allendale (generic)/Photos/10646 61 Ave Allendale - Front & Left (4).jpg,10646 61 Ave Allendale - Front & Left (4).jpg,Photos,0,2,Allendale 6-Plex (10646 61 Ave)
/Users/sunniyaremchuk/RealEstate_Organized/Allendale (generic)/Photos/10646 61 Ave Allendale - Front & Right.jpg,10646 61 Ave Allendale - Front & Right.jpg,Photos,0,2,Allendale 6-Plex (10646 61 Ave)
/Users/sunniyaremchuk/RealEstate_Organized/Allendale (generic)/Photos/Allendale 10646 61 St .png,Allendale 10646 61 St .png,Photos,0,1,Allendale 6-Plex (10646 61 Ave)
/Users/sunniyaremchuk/RealEstate_Organized/Allendale (generic)/Photos/Allendale Abatement Payment .png,Allendale Abatement Payment .png,Photos,0,0,(stay) no address evidence
/Users/sunniyaremchuk/RealEstate_Organized/Allendale (generic)/Photos/Allendale lawyer Fee IMG_6186.PNG,Allendale lawyer Fee IMG_6186.PNG,Photos,0,0,(stay) no address evidence
/Users/sunniyaremchuk/RealEstate_Organized/Allendale (generic)/Photos/Allendale cost breakdown .png,Allendale cost breakdown .png,Photos,0,0,(stay) no address evidence
/Users/sunniyaremchuk/RealEstate_Organized/Allendale (generic)/Photos/6408 Allendale - Front Left View.jpg,6408 Allendale - Front Left View.jpg,Photos,0,0,(stay) no address evidence
/Users/sunniyaremchuk/RealEstate_Organized/Allendale (generic)/Reports/Allendale Appraisal invoice_93826.pdf,Allendale Appraisal invoice_93826.pdf,Reports,2,0,Allendale 5-Plex (6408 106 St)
