group_id,is_keeper,file,viewUrl,size,modified,project,current_path
1,YES,Screenshot 2026-05-23 at 20.51.07.png,https://drive.google.com/file/d/17xuzg0fNWYdSU4l7n_htatg0Zg9b1h-w/view?usp=drivesdk,147256,2026-05-24T03:51:13Z,Allendale (generic),Allendale 10646 61 Ave 6 Unit /Allendale: 10646 61 Ave/Receipts 
1,no,Screenshot 2026-05-23 at 20.51.07.png,https://drive.google.com/file/d/1l27VndST44lSfIXkj59JE0hCT1PTKBCJ/view?usp=drivesdk,147256,2026-05-24T03:51:13Z,Allendale (generic),Allendale 6408 106/5-Unit Receipts 
2,YES,Invoice_67757_from_Enviromatics_Group_Ltd.pdf,https://drive.google.com/file/d/1GtnNKz1uTvjpDYWuud6Y9TupSNiGKljI/view?usp=drivesdk,95977,2026-05-24T01:46:08.573Z,Jasper Park,Jasper Park/Jasper Park-Invoice
2,no,Invoice_67757_from_Enviromatics_Group_Ltd.pdf,https://drive.google.com/file/d/1TDt-WCNi0ri-hSsK_qgnKAW0BsV3qx1r/view?usp=drivesdk,95977,2026-05-20T01:09:14.890Z,Jasper Park,Jasper Park/Jasper Park-Invoice
3,YES,Untitled document,https://docs.google.com/document/d/1slfV_k8gq909keF7JC9S5tMpykNZgdi4L_BRZ1kw7Qc/edit?usp=drivesdk&ouid=112966636072631084810,1024,2026-05-22T00:48:47.830Z,,
3,no,Untitled document,https://docs.google.com/document/d/11kovCSLxlTuaEJB50xTVJct-AEqzfk_x6sMVh6xRB_c/edit?usp=drivesdk&ouid=112966636072631084810,1024,2026-04-11T18:33:43.829Z,2811 34,"2811 34 Street Southwest
 2811 34 Street Southwest
 Killarney, Calgary,"
4,YES,sunrize_investments_real_estate_agreement,https://docs.google.com/document/d/1OZg1oSfYJ_gi7w7G-ZFF_xTd-ZiNMfjQNy_o9_xgLNU/edit?usp=drivesdk&ouid=112966636072631084810,1274,2026-05-15T22:30:55.480Z,,
4,no,sunrize_investments_real_estate_agreement,https://docs.google.com/document/d/10SktCBiS00Fee7lMnX7jE4OFpQmGVMaJR3O2OlZZ7TI/edit?usp=drivesdk&ouid=112966636072631084810,1274,2026-05-15T22:30:33.053Z,,
5,YES,Purchase_Contract_8207_121_AVE-1_(Signed) (1).pdf,https://drive.google.com/file/d/18NeFhsY4fKoNZzGFgsNOEGhHSIVND7rT/view?usp=drivesdk,661323,2026-05-11T19:14:43.238Z,,CORPORATION/2024 Tax Info/Sold Houses/Eastwood 6 Plex
5,no,Purchase_Contract_8207_121_AVE-1_(Signed) (1).pdf,https://drive.google.com/file/d/1IpEnpStZKyx2M4ZqSxD0_lIB-ZvK7UQn/view?usp=drivesdk,661323,2024-07-24T23:43:15Z,,CORPORATION/2024 Tax Info/Sold Houses/Eastwood 6 Plex
6,YES,Purchase-Contract--8207-121. Signed (1).pdf,https://drive.google.com/file/d/1A7K9zsdOxRx3oBm1dF03qIBIMZ0WzdYD/view?usp=drivesdk,771101,2026-05-11T19:12:53.249Z,8207 121,CORPORATION/2024 Tax Info/Sold Houses/Eastwood 6 Plex/8207 121 Ave 6 Plex
6,no,Purchase-Contract--8207-121. Signed (1).pdf,https://drive.google.com/file/d/1nSvh6fyYoUy338jRQg4A9_E3n_73AxO9/view?usp=drivesdk,771101,2024-04-14T22:36:41Z,,Blank Purchase Contracts /Purchase Contracts- Filled out 
6,no,Purchase-Contract--8207-121. Signed (1).pdf,https://drive.google.com/file/d/1M_AVU4KfpFHckmLyB9ShqxeC6Y5ENTIU/view?usp=drivesdk,771101,2024-04-14T22:36:41Z,,Blank Purchase Contracts /Purchase Contracts- Filled out 
7,YES,Att_ 05c6b654b6724142ab5ffb1ceea5c4b4.xps.pdf,https://drive.google.com/file/d/1VBnmH4Ae7W8HSGZKLRhHINpiDO_T-2Mt/view?usp=drivesdk,1194731,2026-04-20T16:45:05.428Z,Jasper Park,Jasper Park/Jasper Park-Corporate Files 
7,no,Att_ 05c6b654b6724142ab5ffb1ceea5c4b4.xps.pdf,https://drive.google.com/file/d/17L83pRX5mU1ke3apAabT1mM8zN4RUmgS/view?usp=drivesdk,1194731,2026-02-17T02:31:07.776Z,Jasper Park,Jasper Park/Purchasing Documents 
8,YES,0166867-00001_6564582_INV.PDF,https://drive.google.com/file/d/1PcY0_XAGbVm5mb8Y7W1DhNBUNCilMvd_/view?usp=drivesdk,162210,2026-03-23T21:44:57.465Z,,2025 Tax/2025 Tax Emanation 
8,no,0166867-00001_6564582_INV.PDF,https://drive.google.com/file/d/1o1XwoigeYGKzvBWqDuNu_AoKEGR3Pauv/view?usp=drivesdk,162210,2025-07-29T05:14:49.899Z,,Invoices /Invoices from gmail
8,no,0166867-00001_6564582_INV.PDF,https://drive.google.com/file/d/15elwi-LdAafd06QhYY5zXoML4urP1KH8/view?usp=drivesdk,162210,2025-06-16T17:47:53Z,,Invoices 
9,YES,Receipt_C1At6uDqeyU2_from_OASIS_ENGINEERING_GROUP_LTD.pdf,https://drive.google.com/file/d/14RaW7LKpLu5reBdeba9UGNvIUZmYE9Gv/view?usp=drivesdk,38259,2026-03-23T21:15:30.613Z,Jasper Park,Jasper Park/Jasper Park-Invoice
9,no,Receipt_C1At6uDqeyU2_from_OASIS_ENGINEERING_GROUP_LTD.pdf,https://drive.google.com/file/d/1QmqrH8GUneNWvy9WTgq0EVLCcf20lR99/view?usp=drivesdk,38259,2026-02-12T18:42:16Z,Jasper Park,Jasper Park/Jasper Park-Invoice
10,YES,25-43999 Vibrant Homes.pdf,https://drive.google.com/file/d/1vFau7itwpyPvwqyqRF3BatrhQ-zR5KRy/view?usp=drivesdk,45851,2026-03-23T21:14:11.723Z,Mayfield 110,Mayfield 110/Mayfield-Invoice 
10,no,25-43999 Vibrant Homes.pdf,https://drive.google.com/file/d/1j6yzcYwuUm0y9oq1BeIp5GOOCqeHC01C/view?usp=drivesdk,45851,2026-02-26T15:25:46.203Z,Mayfield 110,Mayfield 110/Mayfield-Invoice 
10,no,25-43999 Vibrant Homes.pdf,https://drive.google.com/file/d/1HcCjQqJUbz_lEBwWW0NnMz9JCfzxqrrM/view?usp=drivesdk,45851,2026-01-08T05:48:07Z,Mayfield 110,Mayfield 110/Mayfield-Invoice 
11,YES,Invoice_17737_2025-10-31.pdf,https://drive.google.com/file/d/1TDX8DJB99pUGUgtDJK01XVAnINiX-Lbs/view?usp=drivesdk,61783,2026-03-23T21:13:40.211Z,Mayfield 110,Mayfield 110/Mayfield-Invoice 
11,no,Invoice_17737_2025-10-31.pdf,https://drive.google.com/file/d/1mWmEjwPfseuaAeenqhEONz9KVSpeDN30/view?usp=drivesdk,61783,2026-01-08T05:46:49Z,Mayfield 110,Mayfield 110/Mayfield-Invoice 
12,YES,Davis Printing - Jasper Park.pdf,https://drive.google.com/file/d/1rvNMsbdq-y3nm2z_3f83GiE4ZyzjYooX/view?usp=drivesdk,100432,2026-03-23T21:13:12.220Z,Jasper Park,Jasper Park/Jasper Park-Invoice
12,no,Davis Printing - Jasper Park.pdf,https://drive.google.com/file/d/1lCfY_ltVCVaSiDz7P8KOfFnYvL63jF7w/view?usp=drivesdk,100432,2025-12-01T21:48:01Z,Jasper Park,
13,YES,Invoice_17738_2025-10-31.pdf,https://drive.google.com/file/d/18ZnIbvf6DyU4yCuEs30-aX6lVspsDkOY/view?usp=drivesdk,61626,2026-03-23T21:13:12.195Z,Jasper Park,Jasper Park/Jasper Park-Invoice
13,no,Invoice_17738_2025-10-31.pdf,https://drive.google.com/file/d/1RJGejIVaVxD9A44kaEDna7RL-RTCVcd0/view?usp=drivesdk,61626,2025-12-01T21:48:01Z,Jasper Park,Jasper Park/Jasper Park-Invoice
14,YES,Invoice_130.pdf,https://drive.google.com/file/d/13TmxYwNaIYCnFZK5KfHhJ-UBqxob2tjC/view?usp=drivesdk,38574,2026-03-23T21:10:09.911Z,Mayfield 110,Mayfield 110/Mayfield-Invoice 
14,no,Invoice_130.pdf,https://drive.google.com/file/d/1XxE27h-v0pBszd2a_8i30QljGmnApnDK/view?usp=drivesdk,38574,2025-12-09T01:10:20.993Z,Mayfield 110,Mayfield 110/Mayfield-Invoice 
15,YES,Invoice_10553_from_OASIS_ENGINEERING_GROUP_LTD.pdf,https://drive.google.com/file/d/19D0UKEVyBi7o9bEYU9PSpKm6YPujtzDd/view?usp=drivesdk,48456,2026-03-23T21:09:16.223Z,Jasper Park,Jasper Park/Jasper Park-Invoice
15,no,Invoice_10553_from_OASIS_ENGINEERING_GROUP_LTD.pdf,https://drive.google.com/file/d/1ah-IbBsc5w128JMBEMlilUn_WJTxG2rw/view?usp=drivesdk,48456,2026-01-08T05:27:57Z,Jasper Park,Jasper Park/Jasper Park-Invoice
16,YES,Invoice 2232 - 1 18x24 Coroplast  Sign 40 with 4 grommets - Jan 07 2026.PDF,https://drive.google.com/file/d/1Jqgab_lGLHtoQ6QOvsg_8Jyu9iyOUvne/view?usp=drivesdk,302338,2026-03-23T21:08:25.268Z,Mayfield 110,Mayfield 110/Mayfield-Invoice 
16,no,Invoice 2232 - 1 18x24 Coroplast  Sign 40 with 4 grommets - Jan 07 2026.PDF,https://drive.google.com/file/d/1jzkZ0Req-hr67aBwb4gLn973AFHXueCD/view?usp=drivesdk,302338,2026-01-08T05:23:52Z,Jasper Park,Jasper Park/Jasper Park-Invoice
17,YES,Allendale Atco.pdf,https://drive.google.com/file/d/1fm79sw0DV4kvSJHa1zqsJLDj95ZumLoZ/view?usp=drivesdk,23419,2026-03-23T20:46:01.757Z,Allendale (generic),Allendale 6408 106/6408: Invoice
17,no,Allendale Atco.pdf,https://drive.google.com/file/d/19UB57bn7h2ZqDkuWlqeQjjO-JbCJRrWC/view?usp=drivesdk,23419,2026-03-09T16:43:28.820Z,Allendale (generic),Allendale 6408 106/5-Unit Receipts 
18,YES,Invoice 24241-11328 126 St.pdf,https://drive.google.com/file/d/1WNODCfy37Bjv4fuc8pUgdGx2PwxIw9gB/view?usp=drivesdk,212812,2026-03-23T20:46:01.727Z,Allendale (generic),Allendale 6408 106/6408: Invoice
18,no,Invoice 24241-11328 126 St.pdf,https://drive.google.com/file/d/1GdGFACuTcGVdJk6Yab8VKZLqOlz1Kd-5/view?usp=drivesdk,212812,2026-03-09T16:50:47.822Z,Allendale (generic),Allendale 6408 106/5-Unit Receipts 
18,no,Invoice 24241-11328 126 St.pdf,https://drive.google.com/file/d/1OpiKoNUdoDmfFy-n9bvUgqf-Vde3Qyq6/view?usp=drivesdk,212812,2025-07-29T05:14:49.899Z,Inglewood 6-Plex (11328 126 St),Invoices /Invoices from gmail
19,YES,Allendale Invoice_13935_from_ProtechGeo__Material_Testing_Ltd FINAL.pdf,https://drive.google.com/file/d/1hnV-HMPmQEX8SljoCIEo6diwMrpmp09e/view?usp=drivesdk,31453,2026-03-23T20:46:01.724Z,Allendale (generic),Allendale 6408 106/6408: Invoice
19,no,Allendale Invoice_13935_from_ProtechGeo__Material_Testing_Ltd FINAL.pdf,https://drive.google.com/file/d/1JwjF-T6zUWd8G2vm7n-OkztGq0poEf7V/view?usp=drivesdk,31453,2026-03-09T16:45:30.051Z,Allendale (generic),Allendale 6408 106/5-Unit Receipts 
20,YES,Allendale Permit Statement.pdf,https://drive.google.com/file/d/1sYUuLilb3urvAKtai5dfRDhRug7cn_da/view?usp=drivesdk,132024,2026-03-23T20:46:01.721Z,Allendale (generic),Allendale 6408 106/6408: Invoice
20,no,Allendale Permit Statement.pdf,https://drive.google.com/file/d/1XERNsgrTSMGW5VFtjDDwJlIYWe8ew6hP/view?usp=drivesdk,132024,2025-12-03T00:32:12Z,Allendale (generic),Allendale 6408 106/6408: Invoice/Paid Jeremy 
21,YES,Allendale Insurance.pdf,https://drive.google.com/file/d/1s9s__96cbUBLhzAftYMRoZXkhgQNdzGd/view?usp=drivesdk,178300,2026-03-23T20:46:01.719Z,Allendale (generic),Allendale 6408 106/6408: Invoice
21,no,Allendale Insurance.pdf,https://drive.google.com/file/d/18RTcde85Gf0Y_XNHNDiA3i1RZohKlsVC/view?usp=drivesdk,178300,2025-12-03T00:27:44Z,Allendale (generic),Allendale 6408 106/6408: Invoice/Paid Jeremy 
22,YES,Allendale Development Decision 564496862-002.pdf,https://drive.google.com/file/d/1Yh_jpBu4evFZG3YiU0LssC0RUzw9i70w/view?usp=drivesdk,341503,2026-03-23T20:46:01.719Z,Allendale (generic),Allendale 6408 106/6408: Invoice
22,no,Allendale Development Decision 564496862-002.pdf,https://drive.google.com/file/d/1XoX-5SrFd-pEm0UKzmzswrRB_9tUs9lX/view?usp=drivesdk,341503,2025-12-03T00:29:16Z,Allendale (generic),Allendale 6408 106/6408: Invoice/Paid Jeremy 
23,YES,3-13862-16645.pdf,https://drive.google.com/file/d/19LIrpPoBQRkJqLgEgzmFL-Psv9axEusC/view?usp=drivesdk,61223,2026-03-23T20:46:01.718Z,Allendale (generic),Allendale 6408 106/6408: Invoice
23,no,3-13862-16645.pdf,https://drive.google.com/file/d/15f4jSklSRwdNzi8sAu043howc2ZXiNvi/view?usp=drivesdk,61223,2025-10-27T22:26:18Z,Allendale (generic),Allendale 6408 106/6408: Invoice
24,YES,IMG_6186.PNG,https://drive.google.com/file/d/1u2g_Y-6Kb649ZNVU6sFZtK7Box0fH1fb/view?usp=drivesdk,125875,2026-03-23T20:46:01.718Z,Allendale (generic),Allendale 6408 106/6408: Invoice
24,no,IMG_6186.PNG,https://drive.google.com/file/d/1JnqpnDnoqSaTkj-LGQpm0U69CXMPLoxC/view?usp=drivesdk,125875,2025-07-15T18:22:08.785Z,Allendale (generic),Allendale 6408 106/6408: Invoice
25,YES,Allendale expense insurance.pdf,https://drive.google.com/file/d/1PyjbfwPCR5OUDwkfJ_bEhkRDYfrTAhhn/view?usp=drivesdk,177070,2026-03-23T20:46:01.718Z,Allendale (generic),Allendale 6408 106/6408: Invoice
25,no,Allendale expense insurance.pdf,https://drive.google.com/file/d/1rODQFPP_DvhamVf9flHCx1DPUnRoE3gV/view?usp=drivesdk,177070,2025-12-03T00:27:14Z,Allendale (generic),Allendale 6408 106/6408: Invoice/Paid Jeremy 
26,YES,Allendale Insurance Invoice 216903.pdf,https://drive.google.com/file/d/1tSiF6-hG9VOnxPWx1v9fWCbgFh5OSUBG/view?usp=drivesdk,337570,2026-03-23T20:46:01.717Z,Allendale (generic),Allendale 6408 106/6408: Invoice
26,no,Allendale Insurance Invoice 216903.pdf,https://drive.google.com/file/d/10mfy4gh0sGwkRHJilNoMK7AdlcNByCTX/view?usp=drivesdk,337570,2025-12-03T00:30:10Z,Allendale (generic),Allendale 6408 106/6408: Invoice/Paid Jeremy 
27,YES,Allendale hydrovac.pdf,https://drive.google.com/file/d/18fe2Vr00qsB3l1BKPkHAFsxiFgEqDHqH/view?usp=drivesdk,24628,2026-03-23T20:46:01.715Z,Allendale (generic),Allendale 6408 106/6408: Invoice
27,no,Allendale hydrovac.pdf,https://drive.google.com/file/d/12SZcA9nJ4TV4wEhHGlJ_hzD5qXXVYqGq/view?usp=drivesdk,24628,2026-03-09T16:44:48.234Z,Allendale (generic),Allendale 6408 106/5-Unit Receipts 
28,YES,Bank Draft Calculation Lawyer Payments.pdf,https://drive.google.com/file/d/1Z_w_yNo-XkI_S4Y6SrzZZnJhsmap83g5/view?usp=drivesdk,92058,2026-03-23T20:46:01.715Z,Allendale (generic),Allendale 6408 106/6408: Invoice
28,no,Bank Draft Calculation Lawyer Payments.pdf,https://drive.google.com/file/d/1MiepJoNSmE8_ANsOKP5vBijumsKD2qhe/view?usp=drivesdk,92058,2026-03-09T16:48:45.512Z,Allendale (generic),Allendale 6408 106/5-Unit Receipts 
29,YES,Invoice 25-120 6-plex.pdf,https://drive.google.com/file/d/1IYW0N6QSW9_3apepr201TAHqeMOLwUOw/view?usp=drivesdk,676175,2026-03-23T20:46:01.715Z,Allendale (generic),Allendale 6408 106/6408: Invoice
29,no,Invoice 25-120 6-plex.pdf,https://drive.google.com/file/d/1dCQkyyoPi-1B5Udb5jDf-MT6jWqyUMdG/view?usp=drivesdk,676175,2025-07-29T05:14:49.899Z,,Invoices /Invoices from gmail
29,no,Invoice 25-120 6-plex.pdf,https://drive.google.com/file/d/1UhvCBNsULV4LkYAlJqi8qhmiGz6SiYqd/view?usp=drivesdk,676175,2025-07-08T03:08:59.190Z,Allendale (generic),Allendale 6408 106/6408: Invoice
30,YES,Invoice-Facture MUIN00090084-MU MLI.PDF,https://drive.google.com/file/d/1-HNTp6O1XxR8tkicHhp6Vh73MB8LFTcH/view?usp=drivesdk,260422,2026-03-23T20:46:01.715Z,Allendale (generic),Allendale 6408 106/6408: Invoice
30,no,Invoice-Facture MUIN00090084-MU MLI.PDF,https://drive.google.com/file/d/1dW317_6CqcGsTh44MkR6SGqfcX16s5eV/view?usp=drivesdk,260422,2025-07-08T18:39:38.298Z,Allendale (generic),Allendale 6408 106/6408: Invoice
31,YES,invoice_93826.pdf,https://drive.google.com/file/d/1evdIKJQHnbX6oxJTFxxXX1Y3OewFgs4U/view?usp=drivesdk,2859713,2026-03-23T20:46:01.715Z,Allendale (generic),Allendale 6408 106/6408: Invoice
31,no,invoice_93826.pdf,https://drive.google.com/file/d/1qeyGHecazUdyeM-LLyTqqQKKvq4RFOSz/view?usp=drivesdk,2859713,2026-03-09T16:51:14.987Z,Allendale (generic),Allendale 6408 106/5-Unit Receipts 
32,YES,LOE_6-Unit_Complex_at_6408_106_St_Edmonton.pdf,https://drive.google.com/file/d/1QswOqYDKCslcrbmsc7uh-TsNkOSQ8dDI/view?usp=drivesdk,291126,2026-03-23T20:46:01.714Z,Allendale (generic),Allendale 6408 106/6408: Invoice
32,no,LOE_6-Unit_Complex_at_6408_106_St_Edmonton.pdf,https://drive.google.com/file/d/1QlDI7hsLJLzw0mEXXLVu7kg6N6-kTapa/view?usp=drivesdk,291126,2025-01-15T21:45:52Z,Allendale (generic),Allendale 6408 106/6408: Invoice
32,no,LOE_6-Unit_Complex_at_6408_106_St_Edmonton.pdf,https://drive.google.com/file/d/1XYxGqWqDLpQbmauKfXX7a33_lz_S4YC8/view?usp=drivesdk,291126,2025-01-15T21:33:53Z,Allendale (generic),Allendale 6408 106/6408: CMHC
33,YES,106 Street Property - Venture Invoice 16643.pdf,https://drive.google.com/file/d/1C6KH6OeYiHwJveOZGjegkjWjeE-OGRe4/view?usp=drivesdk,180306,2026-03-23T20:46:01.711Z,Allendale (generic),Allendale 6408 106/6408: Invoice
33,no,106 Street Property - Venture Invoice 16643.pdf,https://drive.google.com/file/d/1WAmprGiMhmpZYoTu_I4i3f3gpM-Ui3y3/view?usp=drivesdk,180306,2026-03-09T16:48:20.347Z,Allendale (generic),Allendale 6408 106/5-Unit Receipts 
33,no,106 Street Property - Venture Invoice 16643.pdf,https://drive.google.com/file/d/1otO8GYtOr4HyrnJTpXvtAuMoImSoc3z7/view?usp=drivesdk,180306,2025-07-29T05:14:49.899Z,106 Street Property,Invoices /Invoices from gmail
34,YES,Construction of a New Building Permit Statement.pdf,https://drive.google.com/file/d/1d-Qo-p7ea5cSd5cM41mqQCaCC7bfiVhi/view?usp=drivesdk,138534,2026-03-23T20:46:01.709Z,Allendale (generic),Allendale 6408 106/6408: Invoice
34,no,Construction of a New Building Permit Statement.pdf,https://drive.google.com/file/d/1GfKTdUULD0ggtJP3_tKqHMYmNp0LLGsb/view?usp=drivesdk,138534,2025-07-08T03:08:59.178Z,Allendale (generic),Allendale 6408 106/6408: Invoice
35,YES,Invoice 25-112 6-plex.pdf,https://drive.google.com/file/d/14yOscy8PtLTZbCEr-Y1mjtdInpJG2j-W/view?usp=drivesdk,170965,2026-03-23T20:46:01.709Z,Allendale (generic),Allendale 6408 106/6408: Invoice
35,no,Invoice 25-112 6-plex.pdf,https://drive.google.com/file/d/1y4FmYMHahSogCecRRkXLhsHtvNPTzYAk/view?usp=drivesdk,170965,2025-07-29T05:14:49.899Z,,Invoices /Invoices from gmail
35,no,Invoice 25-112 6-plex.pdf,https://drive.google.com/file/d/1luGlo24eVWvle_ucf-CTzOIvf56S7498/view?usp=drivesdk,170965,2025-07-08T03:07:45Z,Allendale (generic),Allendale 6408 106/6408: Invoice
36,YES,HPSCAN_20250605154707796_2025-06-05_154755568.pdf,https://drive.google.com/file/d/1wAIinvJE1h2xWZHi7Uk1Hai-rDg-evLS/view?usp=drivesdk,361507,2026-03-23T20:46:01.709Z,Allendale (generic),Allendale 6408 106/6408: Invoice
36,no,HPSCAN_20250605154707796_2025-06-05_154755568.pdf,https://drive.google.com/file/d/1cqiTyVkj1V4rEEzG5w3VQtGU-BZFInx3/view?usp=drivesdk,361507,2026-03-09T16:50:03.065Z,Allendale (generic),Allendale 6408 106/5-Unit Receipts 
37,YES,Invoice 25-184 Allendale 5 plex.pdf,https://drive.google.com/file/d/1WfUSyhim4Oth8U5uQGEW0y-7Uxe6zOiV/view?usp=drivesdk,124744,2026-03-23T20:46:01.709Z,Allendale (generic),Allendale 6408 106/6408: Invoice
37,no,Invoice 25-184 Allendale 5 plex.pdf,https://drive.google.com/file/d/1l2VvfrHsvLD0k9dn6szKLRH41822dOuk/view?usp=drivesdk,124744,2025-07-29T05:14:49.899Z,Allendale (generic),Invoices /Invoices from gmail
37,no,Invoice 25-184 Allendale 5 plex.pdf,https://drive.google.com/file/d/1t2XKq6HpAXyqr2eeDrN8WEluSQZFFsNz/view?usp=drivesdk,124744,2025-07-08T03:08:59.174Z,Allendale (generic),Allendale 6408 106/6408: Invoice
38,YES,Invoice 13430EH.pdf,https://drive.google.com/file/d/1fOzVGBQaOT89vQ4CIMUqcHfIlBQs-QxY/view?usp=drivesdk,124770,2026-03-23T20:46:01.705Z,Allendale (generic),Allendale 6408 106/6408: Invoice
38,no,Invoice 13430EH.pdf,https://drive.google.com/file/d/1XOgpPB90-RlKooXLwFQUfvZmyAPAjFOr/view?usp=drivesdk,124770,2026-03-09T16:50:21.392Z,Allendale (generic),Allendale 6408 106/5-Unit Receipts 
38,no,Invoice 13430EH.pdf,https://drive.google.com/file/d/1yGE1dSe37U1c4ZkgDnAp_8_OzdvG5RCA/view?usp=drivesdk,124770,2025-07-29T05:14:49.899Z,,Invoices /Invoices from gmail
39,YES,E2025-07-CI-001 Allendale Billing #1 26_08_2025.pdf,https://drive.google.com/file/d/1fOHNKLGzPGcGn9VAyWkDJKUrC_5XNgB0/view?usp=drivesdk,98490,2026-03-23T20:46:01.704Z,Allendale (generic),Allendale 6408 106/6408: Invoice
39,no,E2025-07-CI-001 Allendale Billing #1 26_08_2025.pdf,https://drive.google.com/file/d/1o-cTy7YTnRir11_IluuvBpaMBlvRUaZX/view?usp=drivesdk,98490,2025-09-12T22:53:26.975Z,Allendale (generic),Allendale 6408 106/6408: Invoice
40,YES,BTY Invoice Payment Options - Scotia Bank.pdf,https://drive.google.com/file/d/1q1EHGg4Zchdlf9woOhCH1cHmZ1qpsphX/view?usp=drivesdk,207670,2026-03-23T20:46:01.702Z,Allendale (generic),Allendale 6408 106/6408: Invoice
40,no,BTY Invoice Payment Options - Scotia Bank.pdf,https://drive.google.com/file/d/1PdwZ_BlS63lCTGdQs1ciq_r21xM605d1/view?usp=drivesdk,207670,2025-10-28T19:32:24.493Z,Allendale (generic),Allendale 6408 106/6408: Invoice
41,YES,COI-CMLS Deposit .pdf,https://drive.google.com/file/d/1o1e3gHYha5vDae2cEjyenmkMhcTrHaBQ/view?usp=drivesdk,5160684,2026-03-23T20:46:01.702Z,Allendale (generic),Allendale 6408 106/6408: Invoice
41,no,COI-CMLS Deposit .pdf,https://drive.google.com/file/d/1FMo-g6t5dhrGQdXWdQ2X8tQchEkMpcYR/view?usp=drivesdk,5160684,2026-03-09T16:49:09.508Z,Allendale (generic),Allendale 6408 106/5-Unit Receipts 
42,YES,IMG_6187.PNG,https://drive.google.com/file/d/1ToiCSURrBFc7f7pwzonWokp3p1Az2blK/view?usp=drivesdk,324725,2026-03-23T20:46:01.701Z,Allendale (generic),Allendale 6408 106/6408: Invoice
42,no,IMG_6187.PNG,https://drive.google.com/file/d/1hjDlEY5gAMZyx9rAU5IpjGFUalstW0ki/view?usp=drivesdk,324725,2025-07-15T18:22:06.375Z,Allendale (generic),Allendale 6408 106/6408: Invoice
43,YES,Abatement Payment .png,https://drive.google.com/file/d/1eaqpce_vs7xxWatWYRAMkbKuNR8oXRjA/view?usp=drivesdk,98967,2026-03-23T20:46:01.700Z,Allendale (generic),Allendale 6408 106/6408: Invoice
43,no,Abatement Payment .png,https://drive.google.com/file/d/1qrwmwa-49LVl6NMNzmn1mYXKL6titY5r/view?usp=drivesdk,98967,2026-03-09T16:48:29.922Z,Allendale (generic),Allendale 6408 106/5-Unit Receipts 
43,no,Abatement Payment .png,https://drive.google.com/file/d/1hy4646LR1ApEuelOhpyaMxD9baAbPayn/view?usp=drivesdk,98967,2025-07-15T18:27:15Z,,2025 Tax
44,YES,Backyard House Development Permit Statement.pdf,https://drive.google.com/file/d/1dDRr0zWBIZNOScFVpk7vQ-qx17w5rN6v/view?usp=drivesdk,128523,2026-03-23T20:43:45.976Z,Mayfield 110,Mayfield 110/Mayfield-Invoice 
44,no,Backyard House Development Permit Statement.pdf,https://drive.google.com/file/d/1YyN_N_Mz-zkrVuN1t5p5PA56w7xLnmB6/view?usp=drivesdk,128523,2026-01-08T05:52:53Z,Mayfield 110,Mayfield 110/Mayfield-Invoice 
45,YES,Commitment Letter - Signed.pdf,https://drive.google.com/file/d/1UNrR9yN-cZkrkMUlgtXq-u6Ga6WXGs7L/view?usp=drivesdk,588147,2026-03-23T20:35:40.641Z,Mayfield 110,Mayfield 110/Mayfield-Invoice 
45,no,Commitment Letter - Signed.pdf,https://drive.google.com/file/d/1Zrnt6VGDiY1N3WajQLi_D9_U-m121Z7w/view?usp=drivesdk,588147,2025-03-17T23:57:44Z,Mayfield 110,Mayfield 110/Purchasing & Corp.
46,YES,Receipt__from_OASIS_ENGINEERING_GROUP_LTD.pdf,https://drive.google.com/file/d/1-r2_JJogr2DGDM3gjVCbGxZi_MX8_cXX/view?usp=drivesdk,38508,2026-03-23T20:27:41.198Z,Mayfield 110,Mayfield 110/Mayfield-Invoice 
46,no,Receipt__from_OASIS_ENGINEERING_GROUP_LTD.pdf,https://drive.google.com/file/d/1oB2BvIwUGJLWC7ZO82CLeS575I4qn-0F/view?usp=drivesdk,38508,2025-08-13T01:47:38.032Z,Mayfield 110,Mayfield 110/Mayfield-Invoice 
47,YES,Inv# 84.pdf,https://drive.google.com/file/d/1BPlXUODEp9A_N8C6WBMNq8b7gqWXx8rT/view?usp=drivesdk,56290,2026-03-23T20:26:34.401Z,Mayfield 110,Mayfield 110/Mayfield-Invoice 
47,no,Inv# 84.pdf,https://drive.google.com/file/d/1LcIfnjttjOzmCrl6zFrWX6vPLdEJ3Dzc/view?usp=drivesdk,56290,2025-11-26T17:10:16Z,Mayfield 110,Mayfield 110/Mayfield-Invoice 
48,YES,INVOICE_1819_from_Alberta Geomatics Inc_                                           (Operating as Arc Surveys Edmonton).pdf,https://drive.google.com/file/d/1WlONpsz0IADZdeLKj4OK2uIn5pg2b3w5/view?usp=drivesdk,47337,2026-03-23T20:24:33.853Z,Mayfield 110,Mayfield 110/Mayfield-Invoice 
48,no,INVOICE_1819_from_Alberta Geomatics Inc_                                           (Operating as Arc Surveys Edmonton).pdf,https://drive.google.com/file/d/1Bawta-VylB86rH6QzUdwTqrYM3oR-UUC/view?usp=drivesdk,47337,2025-08-13T01:47:38.028Z,Mayfield 110,Mayfield 110/Mayfield-Invoice 
49,YES,RECEIPT - Do not reply.eml,https://drive.google.com/file/d/118nlaFApWXyDnVS3-lH6T7aKgDGuAq9V/view?usp=drivesdk,24846,2026-03-23T20:24:05.956Z,Mayfield 110,Mayfield 110/Mayfield-Invoice 
49,no,RECEIPT - Do not reply.eml,https://drive.google.com/file/d/1q11v_LPssr7NHyQOs-oOWc3EpYx0prxn/view?usp=drivesdk,24846,2025-08-13T01:47:38.042Z,Mayfield 110,Mayfield 110/Mayfield-Invoice 
50,YES,15981 110b Ave NW Invoice (revised2).pdf,https://drive.google.com/file/d/1_oZFKsB8ZUd_9gFbKQY5A8xESWcRLOhe/view?usp=drivesdk,60844,2026-03-23T20:22:25.079Z,Mayfield 110,Mayfield 110/Mayfield-Invoice 
50,no,15981 110b Ave NW Invoice (revised2).pdf,https://drive.google.com/file/d/1BUZU-9JiDNDsT7eY6vtYB_djw9QQ47Gl/view?usp=drivesdk,60844,2025-07-15T19:00:24Z,15981 110B Ave NW (9-Plex),Invoices /Invoices from gmail
51,YES,invoice-5563.pdf,https://drive.google.com/file/d/1ZZzdJhenYs8m64E-xufttnVBl1IPrLcn/view?usp=drivesdk,109216,2026-03-23T20:21:21.895Z,Mayfield 110,Mayfield 110/Mayfield-Invoice 
51,no,invoice-5563.pdf,https://drive.google.com/file/d/13la6966eytxzHjoGGCPo8H6vdKrA5mBH/view?usp=drivesdk,109216,2025-11-26T17:33:27Z,Mayfield 110,Mayfield 110/Mayfield-Invoice 
52,YES,Invoice_62216_from_Enviromatics_Group_Ltd.pdf,https://drive.google.com/file/d/19IiLeu-818fN_TcWW_RScU52xXTUjWlR/view?usp=drivesdk,97683,2026-03-23T20:20:01.500Z,Mayfield 110,Mayfield 110/Mayfield-Invoice 
52,no,Invoice_62216_from_Enviromatics_Group_Ltd.pdf,https://drive.google.com/file/d/1uH7JXf2s1tx-31gZOTAyyE2uxY8Hmk7K/view?usp=drivesdk,97683,2025-08-13T01:47:38.032Z,Mayfield 110,Mayfield 110/Mayfield-Invoice 
53,YES,25-42488 Vibrant Homes.pdf,https://drive.google.com/file/d/14zl_3k6K31fHMqG5hWyBQ60pNCECcZzH/view?usp=drivesdk,46848,2026-03-23T20:20:01.484Z,Mayfield 110,Mayfield 110/Mayfield-Invoice 
53,no,25-42488 Vibrant Homes.pdf,https://drive.google.com/file/d/1Spkq3OoI6buvfL4LVW3WA29ER-C-0abn/view?usp=drivesdk,46848,2025-08-13T01:47:38.025Z,Mayfield 110,Mayfield 110/Mayfield-Invoice 
54,YES,Invoice_9521_from_OASIS_ENGINEERING_GROUP_LTD.pdf,https://drive.google.com/file/d/1NyWNKKb1J6uwGIaxvchwK97kS76cPbxk/view?usp=drivesdk,36001,2026-03-23T20:20:01.478Z,Mayfield 110,Mayfield 110/Mayfield-Invoice 
54,no,Invoice_9521_from_OASIS_ENGINEERING_GROUP_LTD.pdf,https://drive.google.com/file/d/18H8NGDuKS5Os_Ku3Y6GwaY7cX_fR7A7z/view?usp=drivesdk,36001,2025-08-12T20:42:42Z,,
55,YES,SUN002HDServices invoice (1).pdf,https://drive.google.com/file/d/1AoybD3Lo_JMvVQfQ9K2J6XCLJSKY3f02/view?usp=drivesdk,4020443,2026-03-23T20:17:39.081Z,Mayfield 110,Mayfield 110/Mayfield-Invoice 
55,no,SUN002HDServices invoice (1).pdf,https://drive.google.com/file/d/1vxG52aE1XLJ-r2QnfGzAje_NA4SrCThL/view?usp=drivesdk,4020443,2025-11-26T17:17:34Z,,
56,YES,Invoice_206970_from_Mani_Property_Services_Inc.pdf,https://drive.google.com/file/d/17ng6CHRZcWIiynMqeYuQBr2wUCXPpNKf/view?usp=drivesdk,100077,2026-03-23T20:17:18.901Z,Mayfield 110,Mayfield 110/Mayfield-Invoice 
56,no,Invoice_206970_from_Mani_Property_Services_Inc.pdf,https://drive.google.com/file/d/1_xpUoAcmdC8kPrBj3VmQABxF4ThtR31k/view?usp=drivesdk,100077,2025-09-30T23:27:48.515Z,Mayfield 110,Mayfield 110/Mayfield-Invoice 
56,no,Invoice_206970_from_Mani_Property_Services_Inc.pdf,https://drive.google.com/file/d/1sFUV1MeryKryqP0F40F6GHJU9uzWfo9T/view?usp=drivesdk,100077,2025-09-18T17:06:28.904Z,Mayfield 110,Mayfield 110/Mayfield-Invoice 
57,YES,Invoice_116.pdf,https://drive.google.com/file/d/1FPUz6s0XDcXi3jTtyBj9hN0i2wn-MBuv/view?usp=drivesdk,38620,2026-03-23T20:12:31.680Z,Mayfield 110,Mayfield 110/Mayfield-Invoice 
57,no,Invoice_116.pdf,https://drive.google.com/file/d/1ppdYK0IWFqA2zywcEteyDaZeDpGGC8AM/view?usp=drivesdk,38620,2025-11-06T20:00:08Z,Mayfield 110,Mayfield 110/Mayfield-Invoice 
58,YES,Invoice_000475_from_Offset_Excavating_Ltd.pdf,https://drive.google.com/file/d/1AbsYw0xlsT2Hl71lzK0O47RU00BMsh-h/view?usp=drivesdk,23602,2026-03-23T20:12:21.013Z,Mayfield 110,Mayfield 110/Mayfield-Invoice 
58,no,Invoice_000475_from_Offset_Excavating_Ltd.pdf,https://drive.google.com/file/d/1sEcQeIo0q94CFDyUZDZ9QYyV67tYDYAo/view?usp=drivesdk,23602,2025-11-26T17:17:55Z,,
58,no,Invoice_000475_from_Offset_Excavating_Ltd.pdf,https://drive.google.com/file/d/1--zO5gXGgCW_fUs04ThXwWLElErhadKw/view?usp=drivesdk,23602,2025-11-13T17:11:00Z,Mayfield 110,Mayfield 110/Mayfield-Invoice 
59,YES,Invoice_10353_from_OASIS_ENGINEERING_GROUP_LTD.pdf,https://drive.google.com/file/d/1-zGTwgq4IgzZTi5In7_EfAeq2pssaz5e/view?usp=drivesdk,35537,2026-03-23T20:07:33.433Z,Jasper Park,Jasper Park/Jasper Park-Invoice
59,no,Invoice_10353_from_OASIS_ENGINEERING_GROUP_LTD.pdf,https://drive.google.com/file/d/1gBsURCsXW_okssE87XdXeDgqXltf2HDT/view?usp=drivesdk,35537,2025-11-10T18:38:07Z,Jasper Park,Jasper Park/Jasper Park-Invoice
60,YES,"Income Statement Sep 30, 2024 - Sundia.pdf",https://drive.google.com/file/d/1G2yhNYut-spPoE2ILtp-4dFmCx6RvC52/view?usp=drivesdk,266930,2026-03-23T19:58:52.654Z,Mayfield 110,Mayfield 110/Mayfield-Invoice 
60,no,"Income Statement Sep 30, 2024 - Sundia.pdf",https://drive.google.com/file/d/1Z5iILpliVwLHsK7_NOUVBHdE80qvLzPO/view?usp=drivesdk,266930,2025-10-23T17:53:04.604Z,Mayfield 110,Mayfield 110/Purchasing & Corp.
61,YES,"Balance Sheet Sep 30, 2024- Sundia.pdf",https://drive.google.com/file/d/1arYrB3pvXvktqkA_JmNB9W6ZS0rMn1Sm/view?usp=drivesdk,143500,2026-03-23T19:58:52.645Z,Mayfield 110,Mayfield 110/Mayfield-Invoice 
61,no,"Balance Sheet Sep 30, 2024- Sundia.pdf",https://drive.google.com/file/d/1brSlRDylsGIhsjpDCfEPO3MJbHuRV3co/view?usp=drivesdk,143500,2025-10-23T17:53:04.599Z,Mayfield 110,Mayfield 110/Purchasing & Corp.
62,YES,SUN003HDServices invoice.pdf,https://drive.google.com/file/d/1kPt2bgPAaK2wuoLhfJ0pY4J1bSdnk3qB/view?usp=drivesdk,3439888,2026-03-23T19:55:30.790Z,Mayfield 110,Mayfield 110/Mayfield-Invoice 
62,no,SUN003HDServices invoice.pdf,https://drive.google.com/file/d/1mCbocPed4bTeQXtc5atm9y-mfEIjdqWk/view?usp=drivesdk,3439888,2025-11-26T17:17:17Z,Allendale (generic),Allendale 6408 106/5-Unit Receipts 
62,no,SUN003HDServices invoice.pdf,https://drive.google.com/file/d/102QjXNSVVocukeptjb2wJszB2tGie3Ms/view?usp=drivesdk,3439888,2025-11-06T20:05:28Z,Mayfield 110,Mayfield 110/Mayfield-Invoice 
63,YES,Diamante reciept.pdf,https://drive.google.com/file/d/1q3W0s0dMafcxnpeyhoK_OaMCxI6-HGzp/view?usp=drivesdk,164220,2026-03-23T19:22:26.889Z,Jasper Park,Jasper Park/Jasper Park-Corporate Files 
63,no,Diamante reciept.pdf,https://drive.google.com/file/d/14A9eu-1DHo4l601SBrm3JUIbUhkGlIXV/view?usp=drivesdk,164220,2025-08-01T02:49:36.003Z,Jasper Park,Jasper Park/Jasper Park-Invoice
64,YES,Diamante NUANS.pdf,https://drive.google.com/file/d/1cxGZP6_fqYpQGVcAbB83P1II6B6vOxfE/view?usp=drivesdk,4097521,2026-03-23T19:22:26.733Z,Jasper Park,Jasper Park/Jasper Park-Corporate Files 
64,no,Diamante NUANS.pdf,https://drive.google.com/file/d/12w45pBn4riHIQOeI9O11r9rQj3kdTQnP/view?usp=drivesdk,4097521,2025-08-01T02:49:36.014Z,Jasper Park,Jasper Park/Jasper Park-Corporate Files 
65,YES,Diamante CERT.pdf,https://drive.google.com/file/d/17Pj_93CW_jzHp2eim17VHJ-DUeCpsFdi/view?usp=drivesdk,47336,2026-03-23T19:22:26.719Z,Jasper Park,Jasper Park/Jasper Park-Corporate Files 
65,no,Diamante CERT.pdf,https://drive.google.com/file/d/1_rAscfRfga2ShN5nOtYQmPWLIktP-ZeG/view?usp=drivesdk,47336,2025-08-01T02:49:36.031Z,Jasper Park,Jasper Park/Jasper Park-Corporate Files 
66,YES,Diamante ART.pdf,https://drive.google.com/file/d/1-aaqSUta4kv8W7jqSbTH-1YuHlmmywU8/view?usp=drivesdk,55473,2026-03-23T19:22:26.718Z,Jasper Park,Jasper Park/Jasper Park-Corporate Files 
66,no,Diamante ART.pdf,https://drive.google.com/file/d/1LUBItv9m5SRa4c9aD15f0_c64604UCIo/view?usp=drivesdk,55473,2025-08-01T02:49:36.039Z,Jasper Park,Jasper Park/Jasper Park-Corporate Files 
67,YES,Diamante SHAREHOLDERS.pdf,https://drive.google.com/file/d/1IQBvhZ9zCgCqbJfvScxXKKxKS_P7kRn9/view?usp=drivesdk,104371,2026-03-23T19:22:26.714Z,Jasper Park,Jasper Park/Jasper Park-Corporate Files 
67,no,Diamante SHAREHOLDERS.pdf,https://drive.google.com/file/d/1nY4DVcEgTyeUY-qTBOra_baFzaE-5CqS/view?usp=drivesdk,104371,2025-08-01T02:49:36.006Z,Jasper Park,Jasper Park/Jasper Park-Corporate Files 
68,YES,Diamante REG.pdf,https://drive.google.com/file/d/12Kpv-6YN_jxKlp81IDQLr_bEJ1qWVtr0/view?usp=drivesdk,113001,2026-03-23T19:22:26.714Z,Jasper Park,Jasper Park/Jasper Park-Corporate Files 
68,no,Diamante REG.pdf,https://drive.google.com/file/d/1L2wda3hb5_BlUOB0uNFl3SU0pjFX9dPT/view?usp=drivesdk,113001,2025-08-01T02:49:36.024Z,Jasper Park,Jasper Park/Jasper Park-Corporate Files 
69,YES,Invoice 13799RP.pdf,https://drive.google.com/file/d/1Tt9GBEl15uyGIS1zTEGXfURNbBIqpkpr/view?usp=drivesdk,135642,2026-03-23T18:30:06.854Z,Mayfield 110,Mayfield 110/Mayfield-Invoice 
69,no,Invoice 13799RP.pdf,https://drive.google.com/file/d/1lYqoZoBNgB87B8flLlat_UFMCnUS8T9y/view?usp=drivesdk,135642,2025-07-29T05:14:49.899Z,,Invoices /Invoices from gmail
70,YES,15981 110b Ave NW Invoice Working Drawings.pdf,https://drive.google.com/file/d/1eMleQuOnc1wbiXH-38kz-BQn6hF4yfxu/view?usp=drivesdk,58706,2026-03-23T18:06:36.354Z,Mayfield 110,Mayfield 110/Mayfield-Invoice 
70,no,15981 110b Ave NW Invoice Working Drawings.pdf,https://drive.google.com/file/d/1N4Fq2GEkhKqerkAwYyJlpWW3A4IIILCZ/view?usp=drivesdk,58706,2025-07-15T18:53:15Z,15981 110B Ave NW (9-Plex),Invoices /Invoices from gmail
71,YES,15981 110b Ave NW Invoice (revised).pdf,https://drive.google.com/file/d/1l2P70EZvHeK1kjDOfzL93aRV4X6rf4RC/view?usp=drivesdk,60572,2026-03-23T18:02:39Z,Mayfield 110,Mayfield 110/Mayfield-Invoice 
71,no,15981 110b Ave NW Invoice (revised).pdf,https://drive.google.com/file/d/17DYMgmPuxqKnnekOYHF2uPWvv75zdOBr/view?usp=drivesdk,60572,2025-07-15T18:55:10Z,15981 110B Ave NW (9-Plex),Invoices /Invoices from gmail
72,YES,Emanation_Invoice_12020_129St.docx,https://drive.google.com/file/d/11tNYBMhs6HXyQZn5vBeEyl6ww0h8mbFY/view?usp=drivesdk,9231,2026-03-20T16:41:22Z,,2025 Tax/2025 Tax Emanation 
72,no,Emanation_Invoice_12020_129St.docx,https://drive.google.com/file/d/1kPey4kUl9mNofExG8x-HSwa-yeBZZTqC/view?usp=drivesdk,9231,2026-03-20T16:41:22Z,Sherbrooke,2025 Tax/2025 Flips/Wholesale /Sherbrooke Corner Lot PKG.
73,YES,Emanation_Invoice_JasperPark.docx,https://drive.google.com/file/d/1FJbNC-2ECqrr13lrqNwZCr9wOiNYwM-U/view?usp=drivesdk,9331,2026-03-20T16:29:00Z,,2025 Tax/2025 Flips/Wholesale 
73,no,Emanation_Invoice_JasperPark.docx,https://drive.google.com/file/d/12IbiNHU2VjqnaR3U2b5Qc8Itnb1rwWh2/view?usp=drivesdk,9331,2026-03-20T16:29:00Z,Jasper Park,Jasper Park/Jasper Park-Invoice
74,YES,Backyard House Building Permit Statement.pdf,https://drive.google.com/file/d/1GNmcJNrnAJdWFyCbyRNCkRt8Bku8mcRk/view?usp=drivesdk,135197,2026-03-19T20:45:28.327Z,Mayfield 110,Mayfield 110/Plans & Surveys 
74,no,Backyard House Building Permit Statement.pdf,https://drive.google.com/file/d/18GnKTtOZVPFhmkYCDUJ7S8oD-q7q0U_y/view?usp=drivesdk,135197,2026-03-19T20:43:58Z,Mayfield 110,Mayfield 110/Mayfield-Invoice 
75,YES,UTF-8Articles-of-Incorporation.pdf,https://drive.google.com/file/d/11pfZftyQTL-9zTMjGTwkPnI-uZ8tv6oP/view?usp=drivesdk,165395,2026-03-12T05:56:40Z,,IBH Tax
75,no,UTF-8Articles-of-Incorporation.pdf,https://drive.google.com/file/d/1Bu8mURoFiConJWAok5dIbMw9YOcfgSrG/view?usp=drivesdk,165395,2025-04-26T01:57:18Z,,IBH Tax/Corp Docs
76,YES,ATCO Contract for 01603459 - ACTION REQUIRED_encrypted_.pdf,https://drive.google.com/file/d/1CEX-1LweLI4HNk29wmQJu3c1q3Mr9kwx/view?usp=drivesdk,135947,2026-03-12T05:56:40Z,,IBH Tax
76,no,ATCO Contract for 01603459 - ACTION REQUIRED_encrypted_.pdf,https://drive.google.com/file/d/1hRpEOYKAh_AQtC4d_zUzPqq1yqpQ4DLt/view?usp=drivesdk,135947,2025-10-29T17:15:30Z,,IBH Tax/Invoices Paid by Madison
77,YES,EPCOR_Bills_05-03-2026 13_24_33.pdf,https://drive.google.com/file/d/1qKUBEhCimH490pVHdQrH-SQJI3fuC3Gn/view?usp=drivesdk,382048,2026-03-12T05:56:40Z,,IBH Tax
77,no,EPCOR_Bills_05-03-2026 13_24_33.pdf,https://drive.google.com/file/d/16pGgpwWuIwB_llCd_8WGSE0MkRWISspD/view?usp=drivesdk,382048,2026-03-05T20:24:33Z,,IBH Tax/Invoices Paid by Madison
78,YES,Invoice-2.pdf,https://drive.google.com/file/d/1hbqDeARvnQvt96wUr0S6hm6SSPWOCjbh/view?usp=drivesdk,208368,2026-03-12T05:56:40Z,,IBH Tax
78,no,Invoice-2.pdf,https://drive.google.com/file/d/1bbw-lQIl4VCDzW6DO5lDC28ubIWS-hfN/view?usp=drivesdk,208368,2025-11-27T23:25:16Z,Verum (9121 152 St),IBH Tax/9121 152 St NW Expenses
79,YES,10848 153 ST Edmonton.pdf,https://drive.google.com/file/d/1MINITEpkCM3U1J5JLg6LIUF5RFQAsZCF/view?usp=drivesdk,1399370,2026-03-12T05:56:40Z,In-Between Homes (10848 153 St),IBH Tax
79,no,10848 153 ST Edmonton.pdf,https://drive.google.com/file/d/1T3l76ve24HWZ8RyvdGBu7M5ZSwIORWI2/view?usp=drivesdk,1399370,2024-12-31T16:43:46.116Z,In-Between Homes (10848 153 St),2025 Tax/2025 Flips/Wholesale /In Between Homes /IN-Between Homes /Outlook
80,YES,Policy Change MAXIN1 NWGDYPFL.pdf,https://drive.google.com/file/d/1xZ3xVrtnbgD4gcs_RZn6CcvoWV3LevgG/view?usp=drivesdk,35845,2026-03-12T05:56:40Z,,IBH Tax
80,no,Policy Change MAXIN1 NWGDYPFL.pdf,https://drive.google.com/file/d/1WmXgjyEhAWS4dV_9MIv5XajWvsxH_qXW/view?usp=drivesdk,35845,2025-10-20T02:26:32.328Z,,2025 Tax/2025 Flips/Wholesale /In Between Homes 
81,YES,Abatement (1).pdf,https://drive.google.com/file/d/1-D1L4Wkb-hPeAKTlNfBs3qeizSbR1OXl/view?usp=drivesdk,36059,2026-03-12T05:56:40Z,,IBH Tax
81,no,Abatement (1).pdf,https://drive.google.com/file/d/1S-puSmvy8qINuE11i3s-zrtxyBHsO_qB/view?usp=drivesdk,36059,2026-03-05T19:47:49.770Z,,IBH Tax/Invoices Paid by Madison
82,YES,Assignment Agreement.pdf,https://drive.google.com/file/d/1Baxg-_7OKbsf8usyFcXM0W4mphUPvCIX/view?usp=drivesdk,399839,2026-03-12T05:56:40Z,,IBH Tax
82,no,Assignment Agreement.pdf,https://drive.google.com/file/d/1hmMMtY3PJGKJtDk7zcj6ywWToo2KP9Gw/view?usp=drivesdk,399839,2024-12-31T16:43:21.163Z,In-Between Homes (10848 153 St),2025 Tax/2025 Flips/Wholesale /In Between Homes /IN-Between Homes /Outlook
83,YES,Tree Removal .pdf,https://drive.google.com/file/d/149qJihNVV0aAKyKR0tuZ2ytzIgLSwYdb/view?usp=drivesdk,59364,2026-03-12T05:56:40Z,,IBH Tax
83,no,Tree Removal .pdf,https://drive.google.com/file/d/1_MiaWKm_C4lnmaNhwJauc5ZAAYdLadxF/view?usp=drivesdk,59364,2026-03-05T19:47:18.694Z,,IBH Tax/Invoices Paid by Madison
84,YES,GSA.pdf,https://drive.google.com/file/d/1qLTO8PE4wZywCQcznrxX0-irsBV_voGA/view?usp=drivesdk,420439,2026-03-12T05:56:40Z,,IBH Tax
84,no,GSA.pdf,https://drive.google.com/file/d/18jvh2FX1_uQo18y_vzyft25lTD0DK15P/view?usp=drivesdk,420439,2025-02-13T17:23:27.226Z,,Buyers/ Investors 
85,YES,Statements.pdf,https://drive.google.com/file/d/1S3SMsxYg_-hApBNNhSlnI2uwAyXTe3oL/view?usp=drivesdk,198071,2026-03-12T05:56:40Z,,IBH Tax
85,no,Statements.pdf,https://drive.google.com/file/d/1SCweA_prl5VyzzGlZFmd0xoiZzZ85n-5/view?usp=drivesdk,198071,2025-11-27T23:25:18Z,Verum (9121 152 St),IBH Tax/9121 152 St NW Expenses
85,no,Statements.pdf,https://drive.google.com/file/d/1UmGJCj919mdnEKCk-KUrj5IUH72dO73W/view?usp=drivesdk,198071,2025-11-06T19:27:38.312Z,,2025 Tax/2025 Flips/Wholesale /In Between Homes 
86,YES,Abatement (3).pdf,https://drive.google.com/file/d/13L-yi29C0JXByEEAXfTks41O8z8bqCv6/view?usp=drivesdk,11705,2026-03-12T05:56:40Z,,IBH Tax
86,no,Abatement (3).pdf,https://drive.google.com/file/d/1xHFCdqJxMqvc0p18QsP4aY-EHDiTeoKa/view?usp=drivesdk,11705,2026-03-05T19:48:02.351Z,,IBH Tax/Invoices Paid by Madison
87,YES,Invoice.pdf,https://drive.google.com/file/d/1WQTclT7sWMm9MYhyAUi-ASgE6PvUQVPU/view?usp=drivesdk,208368,2026-03-12T05:56:40Z,,IBH Tax
87,no,Invoice.pdf,https://drive.google.com/file/d/1zDs_POWaEUwbBHOaCqIdllptDHCs8eCf/view?usp=drivesdk,208368,2025-11-06T19:27:38.318Z,,2025 Tax/2025 Flips/Wholesale /In Between Homes 
88,YES,Abatement (2).pdf,https://drive.google.com/file/d/1BzxKvCsmk-Q1KPOPjMvWQn3Ijb6CNYKQ/view?usp=drivesdk,11670,2026-03-12T05:56:40Z,,IBH Tax
88,no,Abatement (2).pdf,https://drive.google.com/file/d/1NvjnGFY5sOSMEftHjp921dHag7GPXI5P/view?usp=drivesdk,11670,2026-03-05T19:47:55.353Z,,IBH Tax/Invoices Paid by Madison
89,YES,Tree Plan Invoice.pdf,https://drive.google.com/file/d/1COxU4Hjjog4MGeaovYX6nS4JN1wpQv-z/view?usp=drivesdk,59364,2026-03-12T05:56:40Z,,IBH Tax
89,no,Tree Plan Invoice.pdf,https://drive.google.com/file/d/1j_ZPRZDTTzOFJDojtypScbjuiY9bvrt9/view?usp=drivesdk,59364,2025-11-27T23:26:47.095Z,In-Between Homes (10848 153 St),IBH Tax/10848 153 St NW Expenses
90,YES,Spec Design Concept for Drawings (2).pdf,https://drive.google.com/file/d/1n9qMlin2B65HUPCL1Wh-dXzOmh-BDhF5/view?usp=drivesdk,3790569,2026-03-10T15:08:50Z,Jasper Park,Jasper Park/Jasper Park-Plans 
90,no,Spec Design Concept for Drawings (2).pdf,https://drive.google.com/file/d/1hP_lXKkTaUSBq3x6ujyNj_lntiJ2NL84/view?usp=drivesdk,3790569,2025-06-16T22:16:43Z,Allendale (generic),Allendale 6408 106
91,YES,Statement of Adjustments.pdf,https://drive.google.com/file/d/1mgm2jfJKxE7uX8oi9mNVvPbETVU-40sy/view?usp=drivesdk,28584,2026-02-26T18:12:50.104Z,Jasper Park,Jasper Park/Jasper Park-Corporate Files 
91,no,Statement of Adjustments.pdf,https://drive.google.com/file/d/1R6RMyWabTkM4-qFqLTNsXha55AqKXzG2/view?usp=drivesdk,28584,2025-10-08T20:47:39.887Z,Jasper Park,Jasper Park/Jasper Park-Corporate Files 
92,YES,Invoice 2024.pdf,https://drive.google.com/file/d/1PClxXSxlEACyDS854k5QrHofmixPiyWK/view?usp=drivesdk,68428,2026-02-25T21:44:29.701Z,,CORPORATION/2024 Tax Info
92,no,Invoice 2024.pdf,https://drive.google.com/file/d/13B2ecY5A0tqs6YHez7mCd7Dfsl-2U2Px/view?usp=drivesdk,68428,2025-11-01T20:51:25Z,,2025 Tax
93,YES,Demolition & Sign Receipt - Mayfield.pdf,https://drive.google.com/file/d/1G6JKG_I5DHmsxMW5IZLztbDkMJTGAXlv/view?usp=drivesdk,90855,2026-01-08T05:40:02Z,Mayfield 110,Jasper Park/Jasper Park-Invoice
93,no,Demolition & Sign Receipt - Mayfield.pdf,https://drive.google.com/file/d/1BuUrLetN3bKIjR1AGE8jBa05lNIioP0K/view?usp=drivesdk,90855,2025-12-30T09:01:25.302Z,Mayfield 110,Mayfield 110/Mayfield-Invoice 
94,YES,10612 - 127 STREET NW- Schedule C.pdf,https://drive.google.com/file/d/120YRlaU2O9u2MPtY9F59DZIRLzpfIb65/view?usp=drivesdk,785582,2026-01-05T23:44:00.266Z,10612 127 Street NW,Landridge/landridge 8-plex purching contract for clients 
94,no,10612 - 127 STREET NW- Schedule C.pdf,https://drive.google.com/file/d/1yXpAu5UjXd_qefNkqfIXDjNglDPVoPhA/view?usp=drivesdk,785582,2025-11-25T17:45:37Z,10612 127 Street NW,Landridge/Purchase Contracts Signed /10612 127St
95,YES,10612 - 127 STREET NW - Schedule A - Plans.pdf,https://drive.google.com/file/d/1ZW_GBAb-CrpV1JxQhHNwnLf8NBE9RcrP/view?usp=drivesdk,1376497,2026-01-05T23:44:00.254Z,10612 127 Street NW,Landridge/landridge 8-plex purching contract for clients 
95,no,10612 - 127 STREET NW - Schedule A - Plans.pdf,https://drive.google.com/file/d/1jman6hm2tUHQWomOrao5kZWvYLJntAhD/view?usp=drivesdk,1376497,2025-11-25T17:45:37Z,10612 127 Street NW,Landridge/Purchase Contracts Signed /10612 127St
96,YES,10612 - 127 STREET NW- Rebate Agreement.pdf,https://drive.google.com/file/d/1nHgxHcUxAvYdOpNL3LNPQe-3pNcq_juk/view?usp=drivesdk,364541,2026-01-05T23:44:00.230Z,10612 127 Street NW,Landridge/landridge 8-plex purching contract for clients 
96,no,10612 - 127 STREET NW- Rebate Agreement.pdf,https://drive.google.com/file/d/1fdVbwTyTsqJ13MiG3dyBqDzMhEmbUl6e/view?usp=drivesdk,364541,2025-11-25T17:45:37Z,10612 127 Street NW,Landridge/Purchase Contracts Signed /10612 127St
97,YES,10612 - 127 STREET NW- Addendum.pdf,https://drive.google.com/file/d/1HkEzQ1r3-KBjgVzl1T_yX8Sh_VPmUaJk/view?usp=drivesdk,303223,2026-01-05T23:44:00.219Z,10612 127 Street NW,Landridge/landridge 8-plex purching contract for clients 
97,no,10612 - 127 STREET NW- Addendum.pdf,https://drive.google.com/file/d/1dur9pG-tbrIt9oloLgWDUve6wVfnHss_/view?usp=drivesdk,303223,2025-11-25T17:45:37Z,10612 127 Street NW,Landridge/Purchase Contracts Signed /10612 127St
98,YES,10612 - 127 STREET NW - Schedule R - Rental Guarantee Acknowledgment.pdf,https://drive.google.com/file/d/1_CeJ5G4F2l3aS_t-UVewu6yWVcFCS3jU/view?usp=drivesdk,208861,2026-01-05T23:44:00.206Z,10612 127 Street NW,Landridge/landridge 8-plex purching contract for clients 
98,no,10612 - 127 STREET NW - Schedule R - Rental Guarantee Acknowledgment.pdf,https://drive.google.com/file/d/1gcraQnL7tT-JwuZxmJ6DsII5NBNj8Ir2/view?usp=drivesdk,208861,2025-11-25T17:45:37Z,10612 127 Street NW,Landridge/Purchase Contracts Signed /10612 127St
99,YES,10612 - 127 STREET NW- Schedule M - Project Utility Metering.pdf,https://drive.google.com/file/d/1yAPrea01KahLoeunySKggflfXrWBhWi9/view?usp=drivesdk,214817,2026-01-05T23:44:00.205Z,10612 127 Street NW,Landridge/landridge 8-plex purching contract for clients 
99,no,10612 - 127 STREET NW- Schedule M - Project Utility Metering.pdf,https://drive.google.com/file/d/1Val3QunsiiDIzIkGxaSEtyzC851jrdDT/view?usp=drivesdk,214817,2025-11-25T17:45:37Z,10612 127 Street NW,Landridge/Purchase Contracts Signed /10612 127St
100,YES,10612 - 127 STREET NW- Landridge Homes-Sales Contract.pdf,https://drive.google.com/file/d/1DMRPlgKjRCDf-6fevW1SGpTwZz9eK6fQ/view?usp=drivesdk,1022641,2026-01-05T23:44:00.187Z,10612 127 Street NW,Landridge/landridge 8-plex purching contract for clients 
100,no,10612 - 127 STREET NW- Landridge Homes-Sales Contract.pdf,https://drive.google.com/file/d/1_xoHxL-RxrUtf_4Y-UryZQ5g0Z1PfdyK/view?usp=drivesdk,1022641,2025-11-25T17:45:37Z,10612 127 Street NW,Landridge/Purchase Contracts Signed /10612 127St
101,YES,10612 - 127 STREET NW - Schedule_B - Sepcifications.pdf,https://drive.google.com/file/d/17qeT-zp1LtcSP1sA3_IpGuzuzxSjN6Lt/view?usp=drivesdk,545271,2026-01-05T23:44:00.185Z,10612 127 Street NW,Landridge/landridge 8-plex purching contract for clients 
101,no,10612 - 127 STREET NW - Schedule_B - Sepcifications.pdf,https://drive.google.com/file/d/1xd1D37EtYMZlcvyGcb1SKYeU_XM0rb-a/view?usp=drivesdk,545271,2025-11-25T17:45:37Z,10612 127 Street NW,Landridge/Purchase Contracts Signed /10612 127St
102,YES,"YAREMCHUK, SUNNI 2024.pdf",https://drive.google.com/file/d/1S8jVgWjzPaiIFznG1nO0CxRGnJcFap2T/view?usp=drivesdk,9226968,2025-12-12T10:00:21Z,,Personal /2024 Filled Tax
102,no,"YAREMCHUK, SUNNI 2024.pdf",https://drive.google.com/file/d/1ZJ_KPLfB_TH4aipj5tPHwSlzB0c2qxQq/view?usp=drivesdk,9226968,2025-04-08T19:41:44.378Z,,CORPORATION/Taxes: 2022 & 2023 
103,YES,Peakhill Wire EFT Instructions.pdf,https://drive.google.com/file/d/1je8cwozocxtzssfhgGARFkLsJl3xsXwz/view?usp=drivesdk,116751,2025-12-08T19:16:29.493Z,Allendale (generic),Allendale 6408 106/6408: CMHC/Commitment Letter 6408 
103,no,Peakhill Wire EFT Instructions.pdf,https://drive.google.com/file/d/1HCD_ZizkKmew_nGd2zNh5nLTTtudB29C/view?usp=drivesdk,116751,2025-12-08T16:12:49Z,,
104,YES,Peakhill Commitment Letter 6408 106 St.pdf,https://drive.google.com/file/d/1ielgZovarlf1M3da8SRTqDaEa4oTC1X6/view?usp=drivesdk,465100,2025-12-08T19:16:29.492Z,Allendale (generic),Allendale 6408 106/6408: CMHC/Commitment Letter 6408 
104,no,Peakhill Commitment Letter 6408 106 St.pdf,https://drive.google.com/file/d/17QN02OwrMheVEuscZFhSP5Nfc09oBGcY/view?usp=drivesdk,465100,2025-12-08T16:12:49Z,Allendale 5-Plex (6408 106 St),
105,YES,CMLS Broker Disclosure Form.pdf,https://drive.google.com/file/d/1OOc-Opt99loeK9z0T03BO_z2tHb5_HFN/view?usp=drivesdk,121067,2025-12-08T19:16:29.489Z,Allendale (generic),Allendale 6408 106/6408: CMHC/Commitment Letter 6408 
105,no,CMLS Broker Disclosure Form.pdf,https://drive.google.com/file/d/1Ukfx072RxqTAq0FAZ_hA3s0sdgN6MNA_/view?usp=drivesdk,121067,2025-12-08T16:12:49Z,,
106,YES,CMLS Invoice - COI Placement Fee.pdf,https://drive.google.com/file/d/1NIiBBE6MM2kEOWc0RyLU0NWDBwHJdvT2/view?usp=drivesdk,487429,2025-12-08T19:16:29.487Z,Allendale (generic),Allendale 6408 106/6408: CMHC/Commitment Letter 6408 
106,no,CMLS Invoice - COI Placement Fee.pdf,https://drive.google.com/file/d/1Xx-a5fy2pfJpBT8wn-1oZwocYX0SYRmw/view?usp=drivesdk,487429,2025-12-08T16:12:49Z,,
107,YES,CMHC Construction Checklist Form.pdf,https://drive.google.com/file/d/1RVT_g9nTz7u4ZgxEvLrNZ1eTFPtVCydH/view?usp=drivesdk,65348,2025-11-17T21:35:41Z,,Landridge
107,no,CMHC Construction Checklist Form.pdf,https://drive.google.com/file/d/1BlfFlDeXPKMIaCV6hfcBloDbZ0Xb9Hx3/view?usp=drivesdk,65348,2025-11-17T21:35:41Z,,Landridge/Financing 
108,YES,Landridge Homes-Sales Contract.pdf,https://drive.google.com/file/d/1v-c-sA8afhqQs33UbqcOdZeRshF5qOB1/view?usp=drivesdk,1416925,2025-11-17T19:33:55Z,Westmount,Landridge/Westmount (8-Plex)
108,no,Landridge Homes-Sales Contract.pdf,https://drive.google.com/file/d/1Is1IFxgxEepAtqB8Aw-F3pTPzM2f0BJe/view?usp=drivesdk,1416925,2025-11-13T18:16:21Z,,Landridge
109,YES,Spruce_Avenue_Fourplex_Appraisal_Report[1].pdf,https://drive.google.com/file/d/1mjM6N6uoiR4pIBDjfPPDDqSFcBihfHJ5/view?usp=drivesdk,10315516,2025-11-14T18:50:24Z,Spruce Avenue,Chanpreet 
109,no,Spruce_Avenue_Fourplex_Appraisal_Report[1].pdf,https://drive.google.com/file/d/1v8nG8_krHXN5TsBC8iaPegenpE45zUXa/view?usp=drivesdk,10315516,2025-11-14T18:50:24Z,Mayfield 110,Mayfield 110/Chanpreet Info 
110,YES,Screenshot 2025-11-14 100618.png,https://drive.google.com/file/d/1ClZwAVyYU7AX66mHJQ48xB8eosOpffNz/view?usp=drivesdk,101712,2025-11-14T17:06:18Z,,2025 Tax
110,no,Screenshot 2025-11-14 100618.png,https://drive.google.com/file/d/1R7ncb7E8abk8i5xQR2nv3YKXVpdRLTWA/view?usp=drivesdk,101712,2025-11-14T17:06:18Z,,2025 Tax/2025 Tax Emanation 
111,YES,Screenshot 2025-11-14 100609.png,https://drive.google.com/file/d/1QcRxEENuqoq6TXdDSKBb1HpyAEe0C_hW/view?usp=drivesdk,93142,2025-11-14T17:06:09Z,,2025 Tax
111,no,Screenshot 2025-11-14 100609.png,https://drive.google.com/file/d/1-osmwZk8QZ2vzMRjPwnAHKPLtgqjpDfr/view?usp=drivesdk,93142,2025-11-14T17:06:09Z,,2025 Tax/2025 Tax Emanation 
112,YES,Schedule_B - Sepcifications.pdf,https://drive.google.com/file/d/1ozjTYdegYlwL9ADWe1KDuT_beXobwy6h/view?usp=drivesdk,497616,2025-11-13T18:16:21Z,,
112,no,Schedule_B - Sepcifications.pdf,https://drive.google.com/file/d/11oGDIOY-11WFE89wmfeW28vrb5ozkjXX/view?usp=drivesdk,497616,2025-11-13T18:16:21Z,,Landridge
113,YES,Jasper Park Budget.xlsx,https://drive.google.com/file/d/1cYJPO-UTd-ZN4luSYdEJmwRB4GbyF7Dj/view?usp=drivesdk,36097,2025-11-06T20:10:30.635Z,Jasper Park,Jasper Park/Jasper Park- Construction Budget
113,no,Jasper Park Budget.xlsx,https://drive.google.com/file/d/1hESt_NEnXL26kCmbrTXNBlwScvmqC6-r/view?usp=drivesdk,36097,2025-11-06T20:09:25Z,Jasper Park,
114,YES,10636_127_ST_NW_Purchase_Contract (Changes Made).pdf,https://drive.google.com/file/d/1gB1dGstxzl1wEZyNtefLIBIMiGEfsizv/view?usp=drivesdk,403352,2025-11-06T16:14:36Z,,
114,no,10636_127_ST_NW_Purchase_Contract (Changes Made).pdf,https://drive.google.com/file/d/1nVGeRp5icerGfZtak1g3CTqoRv3Ew4M8/view?usp=drivesdk,403352,2025-11-06T16:14:36Z,,
115,YES,"Icome Statement Nov 30, 2024 (2).pdf",https://drive.google.com/file/d/1wJbUDZ7os4bs5YO5ghqVLH451j45XvBb/view?usp=drivesdk,120053,2025-11-03T23:37:54Z,,LEADS////SPREADSHEETS!
115,no,"Icome Statement Nov 30, 2024 (2).pdf",https://drive.google.com/file/d/1w9opYEhP06hPhq-znz0utVu07UgGJwKf/view?usp=drivesdk,120053,2025-10-22T00:54:28Z,,
116,YES,Copy of Naturopathic Doctor Contact.xlsx,https://drive.google.com/file/d/1v6p0-TDNzObkSREPhuhjxS7JFGuhDHl9/view?usp=drivesdk,11911,2025-10-25T23:39:36.908Z,,
116,no,Copy of Naturopathic Doctor Contact.xlsx,https://drive.google.com/file/d/1ISgTfb3ySbMOdpc-DpIklDXubQYcWlJh/view?usp=drivesdk,11911,2025-09-03T21:51:44Z,,LEADS////SPREADSHEETS!
117,YES,Invoice 25223.pdf,https://drive.google.com/file/d/1-_OUCWFvBkcaBqNKMVgEzfzvctPN5tB7/view?usp=drivesdk,196141,2025-10-23T17:03:47Z,,
117,no,Invoice 25223.pdf,https://drive.google.com/file/d/1YvY2tRzxaOAow3_bVV-79GlZp72f0q8J/view?usp=drivesdk,196141,2025-10-09T14:14:21Z,Inglewood (generic),2025 Tax/2025 Flips/Wholesale /Inglewood 8 Plex: 11614 127 St NW
118,YES,Blank Notice Template.xps.pdf,https://drive.google.com/file/d/1vRe0wDR9PdwQ4CtUiTZaLa5FFtOCnMbY/view?usp=drivesdk,1278994,2025-10-14T15:40:40.828Z,Allendale (generic),Allendale 6408 106/6408: Purchase Docs 
118,no,Blank Notice Template.xps.pdf,https://drive.google.com/file/d/1vMIgIFqmOH_V2Jnf4C5ye4R3lrdUuML9/view?usp=drivesdk,1278994,2025-03-31T21:04:01Z,Allendale (generic),Allendale 6408 106/6408: Purchase Docs 
119,YES,Construction Agreement (Verum).pdf,https://drive.google.com/file/d/16wcizg16pHgaWPIJl1kkBLuH2fF938OT/view?usp=drivesdk,684323,2025-10-06T14:29:07.907Z,,Build Contracts Blank
119,no,Construction Agreement (Verum).pdf,https://drive.google.com/file/d/1GP9jhELqtyJi0269lcOJorQxR5pzRlT3/view?usp=drivesdk,684323,2024-12-30T21:31:59.744Z,,Blank Purchase Contracts 
120,YES,Purchase Contract.pdf,https://drive.google.com/file/d/14eruA3_ikx8qe_wqeVEXba7MfwLTK64D/view?usp=drivesdk,555238,2025-09-05T14:45:06Z,,
120,no,Purchase Contract.pdf,https://drive.google.com/file/d/1vRi7zzzJoQQmD46OveCtRbIykwI9vap0/view?usp=drivesdk,555238,2025-08-26T19:51:15Z,Verum (9121 152 St),IBH Tax/9121 152 St NW Expenses
121,YES,Inglewood Investment 6-Plex 11328 126 St.xlsx,https://drive.google.com/file/d/1Xkde2Yr77BMB1i7Zq4MNLOUc0wFXy6Y7/view?usp=drivesdk,29129,2025-09-03T22:18:48Z,Inglewood (generic),
121,no,Inglewood Investment 6-Plex 11328 126 St.xlsx,https://drive.google.com/file/d/1bGlcnC40Hvz-rQzW92pQ1Tx6NdzQi2Rn/view?usp=drivesdk,29129,2025-09-02T19:08:56Z,Inglewood (generic),LEADS////SPREADSHEETS!
121,no,Inglewood Investment 6-Plex 11328 126 St.xlsx,https://drive.google.com/file/d/1KhKynx-EMNaQt8txalgk_OaQEE5neoQQ/view?usp=drivesdk,29129,2025-03-04T02:32:36Z,Inglewood 6-Plex (11328 126 St),Inglewood 6-Plex: 11328 126 St
122,YES,COURSE INFO INTO WHI+OLESLE .docx,https://drive.google.com/file/d/1qpMdIN78Av5kdTQoBMGkE1Xsm3_edjwT/view?usp=drivesdk,27202,2025-09-03T21:50:34Z,,LEADS////SPREADSHEETS!
122,no,COURSE INFO INTO WHI+OLESLE .docx,https://drive.google.com/file/d/1SX4d7iKBDrSHypjhHiAQ1JhXHFU0X1_v/view?usp=drivesdk,27202,2025-09-03T21:50:33Z,,
123,YES,Developer & Builders  (1).xlsx,https://drive.google.com/file/d/1Fo4ctT4wHugXpvbk_zAH9k8iexYFvk4G/view?usp=drivesdk,141182,2025-09-03T21:49:22Z,,LEADS////SPREADSHEETS!
123,no,Developer & Builders  (1).xlsx,https://drive.google.com/file/d/19rEqkAEDaeQG5DbU05VF0W0nECtPH8w1/view?usp=drivesdk,141182,2025-09-03T21:49:20Z,,
124,YES,Facebook Gather Investors .docx,https://drive.google.com/file/d/1tMiifyLBlDyrDdql8Vrc9vHVEtjQnQ_c/view?usp=drivesdk,292434,2025-09-03T21:45:20Z,,LEADS////SPREADSHEETS!
124,no,Facebook Gather Investors .docx,https://drive.google.com/file/d/1Sed381zyvvfNOxsSduf4Su5VRSkkiW7W/view?usp=drivesdk,292434,2025-09-03T21:45:19Z,,
125,YES,PRe-Development Email .docx,https://drive.google.com/file/d/176SgKJyo4sfVVMoHpS_EiNGt4ddoksSd/view?usp=drivesdk,11292,2025-09-02T18:59:42Z,,LEADS////SPREADSHEETS!
125,no,PRe-Development Email .docx,https://drive.google.com/file/d/1NplffRR2bFmBy55ynpSKnV6gFZ2BzQSd/view?usp=drivesdk,11292,2025-09-02T17:59:42Z,,
126,YES,Co Star Data - US-20250902T173111Z-1-001.zip,https://drive.google.com/file/d/1lraq6ckgviSlLL4-DIyR_UBHnGwS7pnE/view?usp=drivesdk,45967380,2025-09-02T18:34:08Z,,LEADS////SPREADSHEETS!
126,no,Co Star Data - US-20250902T173111Z-1-001.zip,https://drive.google.com/file/d/18Gu2rLboRVMaKGYaa0XzL7bgdMpD-yrP/view?usp=drivesdk,45967380,2025-09-02T17:34:08Z,,LEADS////SPREADSHEETS!/Co star Data - CA
127,YES,Statement of Account(39074569.1).pdf,https://drive.google.com/file/d/1FhCSR5dOfqxbMTPIMgDMRdUcwqjl9zQk/view?usp=drivesdk,159964,2025-07-29T05:14:49.899Z,,Invoices /Invoices from gmail
127,no,Statement of Account(39074569.1).pdf,https://drive.google.com/file/d/1vm--PdzSEPTRFi86TeOu-Zy-_Cn_9fVq/view?usp=drivesdk,159964,2024-12-14T02:36:21.278Z,10949 109,CORPORATION/2024 Tax Info/Sold Houses/#202 10949 109
128,YES,29766_invoice.pdf,https://drive.google.com/file/d/151UUsoOdHyJCzFqQpE2sM20VTYi8duCB/view?usp=drivesdk,50293,2025-07-29T05:14:49.899Z,,Invoices /Invoices from gmail
128,no,29766_invoice.pdf,https://drive.google.com/file/d/1hHdhiNcAXCiTDE_w18FE0Bebb0m15XU8/view?usp=drivesdk,50293,2024-08-01T16:27:22Z,,Invoices 
128,no,29766_invoice.pdf,https://drive.google.com/file/d/1Q5DRNOps3QhILMPxNecIg3rKyW9D5lBp/view?usp=drivesdk,50293,2024-07-17T17:32:20Z,,CORPORATION/2024 Tax Info
129,YES,Wire Instruction - CMLS AB Trust.pdf,https://drive.google.com/file/d/1NqemaUp0voGkqcZKzw2hqwkTBkGkTsC8/view?usp=drivesdk,397011,2025-07-24T16:58:32.404Z,Mayfield 110,Mayfield 110/Mayfield-Invoice 
129,no,Wire Instruction - CMLS AB Trust.pdf,https://drive.google.com/file/d/1L8omnPWlz-7dECk1ZOwxiCByWuGAT_xn/view?usp=drivesdk,397011,2025-04-07T18:01:55.669Z,Allendale (generic),Allendale 6408 106/6408: CMHC
130,YES,"CERT 25-26 CMLS Financial Ltd., Computershare Trust Comp.pdf",https://drive.google.com/file/d/1ElLRKsh1FsfS060aY_QS0WKTaAULHV33/view?usp=drivesdk,135690,2025-07-16T02:22:23Z,Allendale (generic),Allendale 6408 106/6408: CMHC
130,no,"CERT 25-26 CMLS Financial Ltd., Computershare Trust Comp.pdf",https://drive.google.com/file/d/1W1zRr2Eki-VW91BmkueZHE1x4G4-HaAF/view?usp=drivesdk,135690,2025-07-09T23:11:09Z,,
131,YES,CERT 25-26 2652708 ALBERTA INC.pdf,https://drive.google.com/file/d/1RSxLzsIplbTAhIA4wRGdSgz9S2PP5eg2/view?usp=drivesdk,135122,2025-07-16T02:22:19Z,Allendale (generic),Allendale 6408 106/6408: CMHC
131,no,CERT 25-26 2652708 ALBERTA INC.pdf,https://drive.google.com/file/d/1DnnGdHf9zezJ81VC3E99FjM4Ag05igKn/view?usp=drivesdk,135122,2025-07-09T23:11:09Z,Allendale (generic),Allendale 6408 106
132,YES,15981 110b Ave NW WDV.3.pdf,https://drive.google.com/file/d/1UolS9qC8bJHreRxMZpK0DzAU4GTs5F5M/view?usp=drivesdk,2440280,2025-07-07T17:51:42.977Z,Mayfield 110,Mayfield 110/Plans & Surveys 
132,no,15981 110b Ave NW WDV.3.pdf,https://drive.google.com/file/d/14iIhooTGQG02bNR9T5gi_ErOVmsdIYDz/view?usp=drivesdk,2440280,2025-06-23T23:01:57.096Z,Mayfield 110,Mayfield 110/Plans & Surveys 
133,YES,6408 106 St 6-Unit Allendale.pdf,https://drive.google.com/file/d/1Z2YfNZCQjfuTzdHZ4QNOO1r8dOVrWEJW/view?usp=drivesdk,5226045,2025-06-16T22:10:47Z,Allendale (generic),Allendale 6408 106
133,no,6408 106 St 6-Unit Allendale.pdf,https://drive.google.com/file/d/13OTV4Z8kaBfsDHXILTjPhVWE0KAxdolG/view?usp=drivesdk,5226045,2025-06-16T22:10:47Z,Allendale (generic),Allendale 6408 106/Allendale Overview Info
134,YES,13430 8-Unit 6408 103 St Allendale - FINAL.pdf,https://drive.google.com/file/d/1TlyyYRbUPVlsCQlGoLdDrLmLnJiCryQ_/view?usp=drivesdk,5270653,2025-06-14T21:27:40Z,Allendale (generic),Allendale 6408 106/6408: CMHC
134,no,13430 8-Unit 6408 103 St Allendale - FINAL.pdf,https://drive.google.com/file/d/1F_zejKn32MV-W_zYdawsWzFWV0Z7D8GP/view?usp=drivesdk,5270653,2025-06-12T18:49:18Z,Allendale (generic),Allendale 6408 106
135,YES,Franken Homes Introduction (2024).pdf,https://drive.google.com/file/d/185dKo4d65YJxfxDfpiKtHtq2nfkmeF58/view?usp=drivesdk,2682947,2025-05-18T19:48:08Z,,Development Info-----Go to rize
135,no,Franken Homes Introduction (2024).pdf,https://drive.google.com/file/d/1ghLvpn_mu53dtYTow105_ltnJ3wfxvQb/view?usp=drivesdk,2682947,2024-11-18T23:21:14Z,,Development Info-----Go to rize/Formulas 
135,no,Franken Homes Introduction (2024).pdf,https://drive.google.com/file/d/1P2403woYnaUYSONGBVy-TQuVOvbskMIU/view?usp=drivesdk,2682947,2024-10-10T22:05:41Z,,Development Info-----Go to rize/Development Example Docs
136,YES,6408-106 Calvert Loan Aggreement.pdf,https://drive.google.com/file/d/1W6x0GJlAYoW_XGKh6e5l3SZPvrsSm1ep/view?usp=drivesdk,1188243,2025-04-24T14:26:13Z,Allendale (generic),Allendale 6408 106/6408: Purchase Docs 
136,no,6408-106 Calvert Loan Aggreement.pdf,https://drive.google.com/file/d/1FRqdhmHIq1rJBdbmUtB5V3ZO1eo_C_4E/view?usp=drivesdk,1188243,2024-11-02T21:57:22.090Z,Allendale (generic),Allendale 6408 106/6408: CMHC
137,YES,ApplicationStatusReport.pdf,https://drive.google.com/file/d/1vxSEPyRnFzuKyJballKrz4bzlh1Z1soZ/view?usp=drivesdk,126968,2025-04-21T18:38:47.952Z,Allendale (generic),Allendale 6408 106/6408: Plans/Survey
137,no,ApplicationStatusReport.pdf,https://drive.google.com/file/d/1vLnvqiTnPsFA4vMfpY4be5fWzS7icfvi/view?usp=drivesdk,126968,2025-04-18T00:51:58.366Z,Allendale (generic),Allendale 6408 106/6408: Plans/Survey
138,YES,Summary.pdf,https://drive.google.com/file/d/1vcUfkVV9BQBhlgrFXvt1_zqyPGectYTc/view?usp=drivesdk,162110,2025-03-31T21:06:06.834Z,Allendale (generic),Allendale 6408 106/6408: Purchase Docs 
138,no,Summary.pdf,https://drive.google.com/file/d/1CzcOGqWHdht-R96rf6JVnne3IZsdMah3/view?usp=drivesdk,162110,2025-03-31T21:04:01Z,Allendale (generic),Allendale 6408 106/6408: Purchase Docs 
139,YES,Condition Wavier (1).pdf,https://drive.google.com/file/d/1CjmTzb7KV5_PoLMATT8zrd-gfuUONFLR/view?usp=drivesdk,83535,2025-03-29T02:13:02Z,,Blank Purchase Contracts 
139,no,Condition Wavier (1).pdf,https://drive.google.com/file/d/11CmAp4L3AvE94akBq5Cz9_bbxS0A195I/view?usp=drivesdk,83535,2025-03-29T02:13:02Z,,Blank Purchase Contracts /Purchase Contracts- Filled out 
140,YES,Edmonton Infill Project (8 & 9 Units).xlsx,https://drive.google.com/file/d/1192LTlY2YfavaswUtCYwcL4J5X8FH55_/view?usp=drivesdk,37548,2024-12-02T18:47:57Z,In-Between Homes (10848 153 St),2025 Tax/2025 Flips/Wholesale /In Between Homes /IN-Between Homes 
140,no,Edmonton Infill Project (8 & 9 Units).xlsx,https://drive.google.com/file/d/1ZGX-PXfJ_hJCLoSjluge-nY4uBQG20ro/view?usp=drivesdk,37548,2024-11-21T04:24:27Z,,Development Info-----Go to rize/Cost Examples 
141,YES,Tenant-Application-Form- (Blank).pdf,https://drive.google.com/file/d/15Tfm8uwO16UO82nufe9KSSZTS0SfplZz/view?usp=drivesdk,232425,2024-10-17T16:23:57.130Z,,Flip Info/Rental Forms 
141,no,Tenant-Application-Form- (Blank).pdf,https://drive.google.com/file/d/1KlcjxEjwQAcgAZKGYWW6WyddBECklR-u/view?usp=drivesdk,232425,2024-07-26T03:49:27Z,,Blank Purchase Contracts 
142,YES,Welcome to Calvert Home Mortgage (C).pdf,https://drive.google.com/file/d/14HXNTy4qsLmJy6rVVWBNG2MlsuyjDvuy/view?usp=drivesdk,153228,2024-10-15T16:12:06Z,Allendale (generic),Allendale 6408 106/6408: CMHC
142,no,Welcome to Calvert Home Mortgage (C).pdf,https://drive.google.com/file/d/1o96UhCbOUBL9cwfu8VXKynOQpMYi0dzL/view?usp=drivesdk,153228,2024-10-15T16:12:06Z,Allendale (generic),Allendale 6408 106/6408: Invoice
143,YES,Copy of 100 Modified Pushups,https://drive.google.com/file/d/1wf7mbzQ8LNAciUn1jeh4BdZo7MjY7Tsl/view?usp=drivesdk,26346459,2024-10-02T05:21:33.947Z,,Workout 11
143,no,Copy of 100 Modified Pushups,https://drive.google.com/file/d/1kzCySpPMfmvTrxMavdsgme-0VtyMAMPc/view?usp=drivesdk,26346459,2024-10-02T05:15:34.353Z,,Workout 8
144,YES,Copy of 100 Bentover Side Delts,https://drive.google.com/file/d/1i1_oJGkqfs1QyJsSVyMikO9l966SDcJS/view?usp=drivesdk,47783288,2024-10-02T05:21:15.930Z,,Workout 11
144,no,Copy of 100 Bentover Side Delts,https://drive.google.com/file/d/1fg4MZ9xZzU02RLGQMoG52DQFb3UVVBqq/view?usp=drivesdk,47783288,2024-10-02T05:15:04.139Z,,Workout 8
145,YES,Copy of 100 Hammer Curls,https://drive.google.com/file/d/1IvHlsUIy19l0Me0bIBQk1kOodsiai0Eo/view?usp=drivesdk,32389050,2024-10-02T05:18:19.853Z,,Workout 9
145,no,Copy of 100 Hammer Curls,https://drive.google.com/file/d/1U7ejwY87oQ2jLndS6iwPficd1FfrgE2K/view?usp=drivesdk,32389050,2024-10-02T05:11:46.234Z,,Gym Workout 3/Gym Workout 5
146,YES,Copy of 100 Sit Down Squats,https://drive.google.com/file/d/1y7dhNWsiy7rEr6mscXPz5h-Zhhlr5x5d/view?usp=drivesdk,29360786,2024-10-02T05:17:58.923Z,,Workout 9
146,no,Copy of 100 Sit Down Squats,https://drive.google.com/file/d/1O_Q5E_S5BxGKTSyhmkeU42d-2yP034h_/view?usp=drivesdk,29360786,2024-09-30T02:18:00.996Z,,Workout 6
147,YES,Copy of 5 Min Burpees,https://drive.google.com/file/d/11yUzWSSgX2KycSwyEmzGTg4PshvLLTnn/view?usp=drivesdk,19432954,2024-10-02T05:17:32.970Z,,Workout 9
147,no,Copy of 5 Min Burpees,https://drive.google.com/file/d/1ZQciH1HLsmmWggscCapadFaC5xPAG66H/view?usp=drivesdk,19432954,2024-09-30T02:16:37.315Z,,Workout 6
148,YES,Copy of 5 Min Wall Sit,https://drive.google.com/file/d/1gkHCppKLs3I7php5aMK9Yq0crtAIndZM/view?usp=drivesdk,20674040,2024-09-30T02:06:15.604Z,,Maintenance 2
148,no,Copy of 5 Min Wall Sit,https://drive.google.com/file/d/11Nt-GcT8JpIqy_8Rz4msnXp-MVzuqlv9/view?usp=drivesdk,20674040,2024-09-30T02:05:24.629Z,,Maintenance 1
149,YES,192300279_51732692_0_0.pdf,https://drive.google.com/file/d/1bD6w3K0Ms7nMXrQLQaGWDWdnH7Q6hurN/view?usp=drivesdk,40584,2024-09-26T20:26:34Z,,NEW Properties /Titles Pulled 
149,no,192300279_51732692_0_0.pdf,https://drive.google.com/file/d/14G6WcQ-MyNL2sDK9ideZ3RGljz7YAPV_/view?usp=drivesdk,40584,2024-09-26T20:26:34Z,,NEW Properties /Titles Pulled 
150,YES,Copy of 5 Minute Plank,https://drive.google.com/file/d/1yS0ZUIiAImKpZ8vkvMtHl_xqRY8qJtSz/view?usp=drivesdk,6164112,2024-09-18T02:17:58.413Z,,Maintenance 2
150,no,Copy of 5 Minute Plank,https://drive.google.com/file/d/1NkpaOQN_Sr5O8F7z7ShFNPJet59Res4Q/view?usp=drivesdk,6164112,2024-09-18T02:17:12.027Z,,Maintenance 1
151,YES,892192580_51639410_0_0.pdf,https://drive.google.com/file/d/1ehQjkOKjj0R5ZGiqZCyHBuLeNQSqcdab/view?usp=drivesdk,40519,2024-09-17T18:48:52.415Z,,NEW Properties /Titles Pulled 
151,no,892192580_51639410_0_0.pdf,https://drive.google.com/file/d/1qx8RuhZEOBTHuf1FTs7ssYNvqIbdArLf/view?usp=drivesdk,40519,2024-09-17T18:43:49Z,,NEW Properties /Titles Pulled 
152,YES,Copy of 5 Minute Cross Countries,https://drive.google.com/file/d/1sFytpbNxfbx72xWuNEhRR0EhkqoRLcf6/view?usp=drivesdk,15842006,2024-09-16T21:16:20.349Z,,Gym Workout 3/Gym Workout 5
152,no,Copy of 5 Minute Cross Countries,https://drive.google.com/file/d/1tQLPiYZd3TXC6tVs2Y7QBV9VCnaVPUTe/view?usp=drivesdk,15842006,2024-09-16T00:56:31.318Z,,Gym Workout 2
153,YES,872186923_51587340_0_0.pdf,https://drive.google.com/file/d/1ysU1pdZV1kOt0IIQl2-dCmLmDA6v1Cgo/view?usp=drivesdk,40547,2024-09-11T19:02:55.343Z,,NEW Properties /Titles Pulled 
153,no,872186923_51587340_0_0.pdf,https://drive.google.com/file/d/1xaSyzyCxD2hcB7tnWGeu-JnTXs2vKepv/view?usp=drivesdk,40547,2024-09-11T19:01:29Z,,NEW Properties /Titles Pulled 
154,YES,Rent Roll,https://docs.google.com/document/d/1yBNYNFPcvbzxjvGo9_5w8Cf2mkR_FD_DpxQyC0OX8Bk/edit?usp=drivesdk&ouid=112966636072631084810,2277,2024-08-03T11:42:42.817Z,,75 Marketing - Rent/9616 B 75 NW 
154,no,Rent Roll,https://docs.google.com/document/d/16yUhXvBEuEFODFqyJHjE-5Wz98U0YQ0eJFv8q_bK98M/edit?usp=drivesdk&ouid=112966636072631084810,2277,2024-08-03T11:20:08.348Z,,75 Marketing - Rent/9614 B 75 Ave NW
155,YES,dsc00704.jpg,https://drive.google.com/file/d/1G5mWcCJ4YSfEzrLu8dDHGKghOk9bwACg/view?usp=drivesdk,9649422,2024-08-03T11:42:30.800Z,,75 Marketing - Rent/9616 B 75 NW /Photos
155,no,dsc00704.jpg,https://drive.google.com/file/d/13Tnq6_Qjf_RXqlZH5jY1m_gXas1fgg04/view?usp=drivesdk,9649422,2024-08-03T11:39:42.189Z,,75 Marketing - Rent/9614 B 75 Ave NW/Photos
155,no,dsc00704.jpg,https://drive.google.com/file/d/11aUW906ldM2Xg96ZDb-NYTAvlsk5zQwE/view?usp=drivesdk,9649422,2024-08-03T10:46:59.551Z,9616 75,75 Marketing - Rent/9616 75 Ave NW/Photos
156,YES,dsc00703.jpg,https://drive.google.com/file/d/1Ay15TdU8OLI7fKvrk9hX1E4qrpTUEDST/view?usp=drivesdk,9572994,2024-08-03T11:42:28.339Z,,75 Marketing - Rent/9616 B 75 NW /Photos
156,no,dsc00703.jpg,https://drive.google.com/file/d/13gUjzNMsCa98F-4w4EoNqZthTAEYYr-4/view?usp=drivesdk,9572994,2024-08-03T11:41:00.607Z,,75 Marketing - Rent/9614 B 75 Ave NW/Photos
156,no,dsc00703.jpg,https://drive.google.com/file/d/1KLXZ7mFhjJ1DiIgZNbX7cnzcrunW6QwA/view?usp=drivesdk,9572994,2024-08-03T10:46:57.159Z,9616 75,75 Marketing - Rent/9616 75 Ave NW/Photos
157,YES,dsc00709.jpg,https://drive.google.com/file/d/14E7nj_d-2dMF7vPUjVa-5NHgtFo-WpuM/view?usp=drivesdk,9284542,2024-08-03T11:42:25.999Z,,75 Marketing - Rent/9616 B 75 NW /Photos
157,no,dsc00709.jpg,https://drive.google.com/file/d/1PhP7UZ8JRSTGxOO0P1JFFu5TWBx3e2MA/view?usp=drivesdk,9284542,2024-08-03T11:39:39.862Z,,75 Marketing - Rent/9614 B 75 Ave NW/Photos
157,no,dsc00709.jpg,https://drive.google.com/file/d/105QiYjzzOgnrgnOiDJdHvMSPU5GErDpQ/view?usp=drivesdk,9284542,2024-08-03T10:46:54.724Z,9616 75,75 Marketing - Rent/9616 75 Ave NW/Photos
158,YES,dsc00706.jpg,https://drive.google.com/file/d/1-ndk-ej1IPgnoGMJbtq1awLA1HcnUG5V/view?usp=drivesdk,8413349,2024-08-03T11:42:23.665Z,,75 Marketing - Rent/9616 B 75 NW /Photos
158,no,dsc00706.jpg,https://drive.google.com/file/d/1v0DpOdUmEE1re8YEYxm0b5qPnC_ZkrAj/view?usp=drivesdk,8413349,2024-08-03T11:39:37.505Z,,75 Marketing - Rent/9614 B 75 Ave NW/Photos
158,no,dsc00706.jpg,https://drive.google.com/file/d/1RW_M3U5YIMHEa-2tFilO6caE-qSRE6pG/view?usp=drivesdk,8413349,2024-08-03T10:46:50.192Z,9616 75,75 Marketing - Rent/9616 75 Ave NW/Photos
159,YES,dsc00702.jpg,https://drive.google.com/file/d/1DnwqVBDKPXx-LPUruRCgkYoEXw34_73E/view?usp=drivesdk,8252726,2024-08-03T11:42:21.291Z,,75 Marketing - Rent/9616 B 75 NW /Photos
159,no,dsc00702.jpg,https://drive.google.com/file/d/1AdqKlqkqs4YYiaoGOZnIG1aInoYSVsXt/view?usp=drivesdk,8252726,2024-08-03T11:40:53.036Z,,75 Marketing - Rent/9614 B 75 Ave NW/Photos
159,no,dsc00702.jpg,https://drive.google.com/file/d/12V-1Q32EAQdVWV22HOU68656Vc7Sv9ua/view?usp=drivesdk,8252726,2024-08-03T10:46:47.826Z,9616 75,75 Marketing - Rent/9616 75 Ave NW/Photos
160,YES,dsc00705.jpg,https://drive.google.com/file/d/18f3iYvoGxrM2gYdp3mdzVyI8hcDdvwiT/view?usp=drivesdk,7741308,2024-08-03T11:42:19.042Z,,75 Marketing - Rent/9616 B 75 NW /Photos
160,no,dsc00705.jpg,https://drive.google.com/file/d/1CHbQvy3Lh_mwtBOpgvYIcDc-OCBnG7T1/view?usp=drivesdk,7741308,2024-08-03T11:39:35.231Z,,75 Marketing - Rent/9614 B 75 Ave NW/Photos
160,no,dsc00705.jpg,https://drive.google.com/file/d/1F4y_uTREMXBxYy9YGKoOPQZVlZMdXXxR/view?usp=drivesdk,7741308,2024-08-03T10:46:43.555Z,9616 75,75 Marketing - Rent/9616 75 Ave NW/Photos
161,YES,dsc00707.jpg,https://drive.google.com/file/d/1UhI_4GyuXDgehv_uHHDihDDOd3HvvHjV/view?usp=drivesdk,5597332,2024-08-03T11:42:16.839Z,,75 Marketing - Rent/9616 B 75 NW /Photos
161,no,dsc00707.jpg,https://drive.google.com/file/d/1zpMIul5Mg8QBilucxf4VZrKXFzdksl1h/view?usp=drivesdk,5597332,2024-08-03T11:39:32.912Z,,75 Marketing - Rent/9614 B 75 Ave NW/Photos
162,YES,dsc00708.jpg,https://drive.google.com/file/d/1NWBMO-qs40SIlOvVG_RMFuqrUEuQAs0F/view?usp=drivesdk,5555931,2024-08-03T11:42:14.605Z,,75 Marketing - Rent/9616 B 75 NW /Photos
162,no,dsc00708.jpg,https://drive.google.com/file/d/1Ga5q9VhFeidUMPa30HnfE0IVZbJIYDiF/view?usp=drivesdk,5555931,2024-08-03T11:39:30.866Z,,75 Marketing - Rent/9614 B 75 Ave NW/Photos
163,YES,dsc01288.jpg,https://drive.google.com/file/d/1A3s2MCms4_ZhQpqdF6cJV8ioYgcZA1HE/view?usp=drivesdk,1970660,2024-08-03T11:42:12.683Z,,75 Marketing - Rent/9616 B 75 NW /Photos
163,no,dsc01288.jpg,https://drive.google.com/file/d/1WqolRiek4Elm_eNOG_AmVkUB4R0yxgWt/view?usp=drivesdk,1970660,2024-08-03T11:40:58.290Z,,75 Marketing - Rent/9614 B 75 Ave NW/Photos
163,no,dsc01288.jpg,https://drive.google.com/file/d/1dZmsvRgPJcO2LFrDA6aaIiUKgXSlhzOF/view?usp=drivesdk,1970660,2024-08-03T10:45:51.789Z,9616 75,75 Marketing - Rent/9616 75 Ave NW/Photos
164,YES,dsc01286.jpg,https://drive.google.com/file/d/1yfIDpvXsvHss0p_I-Z3fmJIG-18N_PCP/view?usp=drivesdk,1671105,2024-08-03T11:42:11.065Z,,75 Marketing - Rent/9616 B 75 NW /Photos
164,no,dsc01286.jpg,https://drive.google.com/file/d/1Z348l1aeV4ym8UYR6bh-9w9mTHiB_ayM/view?usp=drivesdk,1671105,2024-08-03T11:40:54.773Z,,75 Marketing - Rent/9614 B 75 Ave NW/Photos
164,no,dsc01286.jpg,https://drive.google.com/file/d/1y6pjSNfB1r4B_BWjlmcIlaM2iJmkzqM5/view?usp=drivesdk,1671105,2024-08-03T10:45:48.272Z,9616 75,75 Marketing - Rent/9616 75 Ave NW/Photos
165,YES,dsc01287.jpg,https://drive.google.com/file/d/1_0jzVCM5jPOfrYuIfJdyFuOUnc6K2F7m/view?usp=drivesdk,1932702,2024-08-03T11:42:09.379Z,,75 Marketing - Rent/9616 B 75 NW /Photos
165,no,dsc01287.jpg,https://drive.google.com/file/d/1ckY2niMCJtIv6Rexf3XjApLOoX25HI4G/view?usp=drivesdk,1932702,2024-08-03T11:40:56.407Z,,75 Marketing - Rent/9614 B 75 Ave NW/Photos
165,no,dsc01287.jpg,https://drive.google.com/file/d/1seObSGLCZ8U_YyX4VT8NW0UbPqciWp29/view?usp=drivesdk,1932702,2024-08-03T10:45:50.170Z,9616 75,75 Marketing - Rent/9616 75 Ave NW/Photos
166,YES,dsc00730_hdr.jpg,https://drive.google.com/file/d/1kFcCD9U_OCawVpeYaL5rYZufQ6g-PPHz/view?usp=drivesdk,4423577,2024-08-03T11:39:28.770Z,,75 Marketing - Rent/9614 B 75 Ave NW/Photos
166,no,dsc00730_hdr.jpg,https://drive.google.com/file/d/1VdBVENhZmKzFr_jMh7hu41bFT8PTqPeW/view?usp=drivesdk,4423577,2024-08-03T11:38:15.583Z,,75 Marketing - Rent/9614 B 75 Ave NW/Photos
167,YES,dsc00967.jpg,https://drive.google.com/file/d/1F70L962uYGNFznZZ1bkCywjSEEPKhPna/view?usp=drivesdk,6911426,2024-08-03T11:32:56.980Z,,75 Marketing - Rent/9614 B 75 Ave NW/Photos
167,no,dsc00967.jpg,https://drive.google.com/file/d/1UavrTI_pzmlCCx2L2daMPOYI31E1b0Ay/view?usp=drivesdk,6911426,2024-08-03T11:27:00.603Z,,75 Marketing - Rent/9616 B 75 NW /Photos
167,no,dsc00967.jpg,https://drive.google.com/file/d/1M7fF_bHpW0YMMb-l2eA9eN9uxVaYd23i/view?usp=drivesdk,6911426,2024-08-03T10:46:39.393Z,9616 75,75 Marketing - Rent/9616 75 Ave NW/Photos
168,YES,dsc00954.jpg,https://drive.google.com/file/d/1Sb05b5yJn0-uq2vX2slrb6yBsEW2Z2Ns/view?usp=drivesdk,5499094,2024-08-03T11:32:55.001Z,,75 Marketing - Rent/9614 B 75 Ave NW/Photos
168,no,dsc00954.jpg,https://drive.google.com/file/d/112FOI9dJ0glbg2FaEN7G-AiEDy8WSthu/view?usp=drivesdk,5499094,2024-08-03T11:26:56.382Z,,75 Marketing - Rent/9616 B 75 NW /Photos
168,no,dsc00954.jpg,https://drive.google.com/file/d/17Z6LdABLsm06i61xYSP9c4xgxoZh80S1/view?usp=drivesdk,5499094,2024-08-03T10:46:26.077Z,9616 75,75 Marketing - Rent/9616 75 Ave NW/Photos
169,YES,dsc00922.jpg,https://drive.google.com/file/d/153k3BSo8BdanQ14OAMybqfkEi2-3e7vO/view?usp=drivesdk,5138019,2024-08-03T11:32:52.868Z,,75 Marketing - Rent/9614 B 75 Ave NW/Photos
169,no,dsc00922.jpg,https://drive.google.com/file/d/1PoERCcu792QFnEQJqGkws6o-LpD3NvBA/view?usp=drivesdk,5138019,2024-08-03T11:26:54.576Z,,75 Marketing - Rent/9616 B 75 NW /Photos
169,no,dsc00922.jpg,https://drive.google.com/file/d/1Wd8VhCv645Rnhh3ZADWLLvMU5EkwOsDw/view?usp=drivesdk,5138019,2024-08-03T10:46:15.648Z,9616 75,75 Marketing - Rent/9616 75 Ave NW/Photos
170,YES,dsc00960.jpg,https://drive.google.com/file/d/1xRAMreUIhuLzhlUIMZ4qBwlfOEv16XDI/view?usp=drivesdk,5109135,2024-08-03T11:32:50.929Z,,75 Marketing - Rent/9614 B 75 Ave NW/Photos
170,no,dsc00960.jpg,https://drive.google.com/file/d/1JgCvS3-6K3mz_llj2w44HV59dA6jgThe/view?usp=drivesdk,5109135,2024-08-03T11:26:52.529Z,,75 Marketing - Rent/9616 B 75 NW /Photos
170,no,dsc00960.jpg,https://drive.google.com/file/d/1-ynTOLtrEGFdKqaV2xCMoYRiBAgyiL_W/view?usp=drivesdk,5109135,2024-08-03T10:46:09.521Z,9616 75,75 Marketing - Rent/9616 75 Ave NW/Photos
171,YES,dsc00956.jpg,https://drive.google.com/file/d/1rW3elJ1lTTJZZIkl4R0iUxYk_7PuoHx5/view?usp=drivesdk,5061692,2024-08-03T11:32:48.940Z,,75 Marketing - Rent/9614 B 75 Ave NW/Photos
171,no,dsc00956.jpg,https://drive.google.com/file/d/1X8bEc9z-mwNFiTBLrv0cxfYW7e4unF3j/view?usp=drivesdk,5061692,2024-08-03T11:26:50.449Z,,75 Marketing - Rent/9616 B 75 NW /Photos
172,YES,dsc00948.jpg,https://drive.google.com/file/d/1KIW0vhWjMkVWTBhUcWBv_dcU53LCV5w2/view?usp=drivesdk,4977060,2024-08-03T11:32:47.005Z,,75 Marketing - Rent/9614 B 75 Ave NW/Photos
172,no,dsc00948.jpg,https://drive.google.com/file/d/1awj0u1JtlyKjM6EgcDOqt380FzIICKgM/view?usp=drivesdk,4977060,2024-08-03T11:26:48.401Z,,75 Marketing - Rent/9616 B 75 NW /Photos
172,no,dsc00948.jpg,https://drive.google.com/file/d/15m9ZxGu8Nar6_VVvZ5yW2cafwiLcXjdV/view?usp=drivesdk,4977060,2024-08-03T10:45:55.436Z,9616 75,75 Marketing - Rent/9616 75 Ave NW/Photos
173,YES,dsc00923.jpg,https://drive.google.com/file/d/1l3hE-1wClBewI7ATOH_LvswlmQygSaYH/view?usp=drivesdk,4617952,2024-08-03T11:32:44.894Z,,75 Marketing - Rent/9614 B 75 Ave NW/Photos
173,no,dsc00923.jpg,https://drive.google.com/file/d/1-_3XUUH5dZVBv3SY4ZB2yTcL8nSJCeiu/view?usp=drivesdk,4617952,2024-08-03T11:26:46.420Z,,75 Marketing - Rent/9616 B 75 NW /Photos
173,no,dsc00923.jpg,https://drive.google.com/file/d/1VH9ed5DkIenKPolGdo_YtoYo-fPELhDg/view?usp=drivesdk,4617952,2024-08-03T10:45:01.713Z,9616 75,75 Marketing - Rent/9616 75 Ave NW/Photos
174,YES,dsc00933.jpg,https://drive.google.com/file/d/1zBwrduvfkjQRqrkw8uqqzM7YOcTpkO7C/view?usp=drivesdk,4468567,2024-08-03T11:32:42.956Z,,75 Marketing - Rent/9614 B 75 Ave NW/Photos
174,no,dsc00933.jpg,https://drive.google.com/file/d/1uVh6sv-BILgpQvDPhKshWaEvukAGIsHr/view?usp=drivesdk,4468567,2024-08-03T11:26:44.285Z,,75 Marketing - Rent/9616 B 75 NW /Photos
174,no,dsc00933.jpg,https://drive.google.com/file/d/1BKKiLTXwbYDkotHiNfLxRxa7KgqMP0hi/view?usp=drivesdk,4468567,2024-08-03T10:44:57.981Z,9616 75,75 Marketing - Rent/9616 75 Ave NW/Photos
175,YES,dsc00938.jpg,https://drive.google.com/file/d/1EZSqz8FBAw_aYHS1wrbC7cvc1J5FSvJH/view?usp=drivesdk,4000487,2024-08-03T11:32:40.992Z,,75 Marketing - Rent/9614 B 75 Ave NW/Photos
175,no,dsc00938.jpg,https://drive.google.com/file/d/1QxfvEktKCb1Lbij8GLxlOeArhWyMRHXb/view?usp=drivesdk,4000487,2024-08-03T11:26:42.460Z,,75 Marketing - Rent/9616 B 75 NW /Photos
176,YES,dsc00952.jpg,https://drive.google.com/file/d/1gwiu26f9PcDRz6iepJ_uq7yYHbokZ3sw/view?usp=drivesdk,3863894,2024-08-03T11:32:39.003Z,,75 Marketing - Rent/9614 B 75 Ave NW/Photos
176,no,dsc00952.jpg,https://drive.google.com/file/d/1N-N3TWA3eTqoKfMMOs-VRPliG4R0hQq8/view?usp=drivesdk,3863894,2024-08-03T11:26:40.479Z,,75 Marketing - Rent/9616 B 75 NW /Photos
176,no,dsc00952.jpg,https://drive.google.com/file/d/1C4Db6Tk_TpiOIuRfy40uHoCVwVtXcqd2/view?usp=drivesdk,3863894,2024-08-03T10:44:44.435Z,9616 75,75 Marketing - Rent/9616 75 Ave NW/Photos
177,YES,dsc00974.jpg,https://drive.google.com/file/d/1Yx2FKJ67T0PeNxyw6t5VCW7AvwkPSjhc/view?usp=drivesdk,3621301,2024-08-03T11:32:36.849Z,,75 Marketing - Rent/9614 B 75 Ave NW/Photos
177,no,dsc00974.jpg,https://drive.google.com/file/d/1F-7J5yXiwKEXJ0nB2IKIzUjag_XeXchg/view?usp=drivesdk,3621301,2024-08-03T10:44:32.594Z,9616 75,75 Marketing - Rent/9616 75 Ave NW/Photos
178,YES,dsc00951.jpg,https://drive.google.com/file/d/1GL5BzWGlq4FSHHFhm3vWYLgqOpc6OOOE/view?usp=drivesdk,3485656,2024-08-03T11:32:34.915Z,,75 Marketing - Rent/9614 B 75 Ave NW/Photos
178,no,dsc00951.jpg,https://drive.google.com/file/d/144KBf11rN6I2GKyeCJMBRFV2mUoqR8JC/view?usp=drivesdk,3485656,2024-08-03T11:26:38.441Z,,75 Marketing - Rent/9616 B 75 NW /Photos
178,no,dsc00951.jpg,https://drive.google.com/file/d/1blYh_Sod819N6uDsUX4OUjjgHcj1Xeve/view?usp=drivesdk,3485656,2024-08-03T10:44:23.253Z,9616 75,75 Marketing - Rent/9616 75 Ave NW/Photos
179,YES,dsc00921.jpg,https://drive.google.com/file/d/1tbVqWctGX5xwp9-0sUOstEXHTBXxOm6-/view?usp=drivesdk,3358170,2024-08-03T11:32:33.024Z,,75 Marketing - Rent/9614 B 75 Ave NW/Photos
179,no,dsc00921.jpg,https://drive.google.com/file/d/1KI_fv9VWHaOqqua-HchVlKHdYSMVCXHR/view?usp=drivesdk,3358170,2024-08-03T11:26:36.447Z,,75 Marketing - Rent/9616 B 75 NW /Photos
179,no,dsc00921.jpg,https://drive.google.com/file/d/1AzQIcRxK1xLWgJ-vsnjAYWajEH-9TzS6/view?usp=drivesdk,3358170,2024-08-03T10:44:21.407Z,9616 75,75 Marketing - Rent/9616 75 Ave NW/Photos
180,YES,dsc00925.jpg,https://drive.google.com/file/d/1Y5JDtcYs6-wGu5d4KAwSuA11uCLjYelL/view?usp=drivesdk,3010469,2024-08-03T11:32:31.205Z,,75 Marketing - Rent/9614 B 75 Ave NW/Photos
180,no,dsc00925.jpg,https://drive.google.com/file/d/1Ix82ik2kX8xEEzfC8YoQbeM-7ZULZkec/view?usp=drivesdk,3010469,2024-08-03T11:26:34.470Z,,75 Marketing - Rent/9616 B 75 NW /Photos
180,no,dsc00925.jpg,https://drive.google.com/file/d/1OqmFIaNZ_GOUg_7iGYCE0pH4qdLsVr4s/view?usp=drivesdk,3010469,2024-08-03T10:44:17.608Z,9616 75,75 Marketing - Rent/9616 75 Ave NW/Photos
181,YES,dsc00936.jpg,https://drive.google.com/file/d/15G0xY3Hpv_568UOV2osOt7woavjyvOm1/view?usp=drivesdk,2942172,2024-08-03T11:32:29.330Z,,75 Marketing - Rent/9614 B 75 Ave NW/Photos
181,no,dsc00936.jpg,https://drive.google.com/file/d/1-Mh_eCQR8h6Ru-Pv0Hj0gyvs2_sFZdNP/view?usp=drivesdk,2942172,2024-08-03T11:26:32.567Z,,75 Marketing - Rent/9616 B 75 NW /Photos
181,no,dsc00936.jpg,https://drive.google.com/file/d/1tSBsEo_G_mYh5ApsrsgSMAbL9l9s--MA/view?usp=drivesdk,2942172,2024-08-03T10:44:34.517Z,9616 75,75 Marketing - Rent/9616 75 Ave NW/Photos
182,YES,dsc00939.jpg,https://drive.google.com/file/d/1GBdKXtMl9uRYiQTtMaSePQrbHsYBCvtl/view?usp=drivesdk,2782759,2024-08-03T11:32:27.424Z,,75 Marketing - Rent/9614 B 75 Ave NW/Photos
182,no,dsc00939.jpg,https://drive.google.com/file/d/1rrDzAlbEaq10gWV-tc8ViHmmfGiHFb0a/view?usp=drivesdk,2782759,2024-08-03T11:26:30.692Z,,75 Marketing - Rent/9616 B 75 NW /Photos
182,no,dsc00939.jpg,https://drive.google.com/file/d/1iACatY5d0o9LWtVo-2sMQu_NTU4ip53b/view?usp=drivesdk,2782759,2024-08-03T10:44:10.806Z,9616 75,75 Marketing - Rent/9616 75 Ave NW/Photos
183,YES,dsc00926.jpg,https://drive.google.com/file/d/1yGKCz1-Kx3OsKAqz6rGfrN6FNcsBaxyE/view?usp=drivesdk,2451822,2024-08-03T11:32:25.418Z,,75 Marketing - Rent/9614 B 75 Ave NW/Photos
183,no,dsc00926.jpg,https://drive.google.com/file/d/14nLFkprCg6vkT3lgUCUWORHUntyrrZUA/view?usp=drivesdk,2451822,2024-08-03T11:26:28.699Z,,75 Marketing - Rent/9616 B 75 NW /Photos
184,YES,Floor plan.PNG,https://drive.google.com/file/d/126Ks5T3QCYZcOscBjsqs2WaNBXQ1LYoa/view?usp=drivesdk,505853,2024-08-03T11:25:37.300Z,,75 Marketing - Rent/9616 B 75 NW 
184,no,Floor plan.PNG,https://drive.google.com/file/d/1COm3jwXFY46f6B6V04Zd9mgEUuuIg0ut/view?usp=drivesdk,505853,2024-08-03T11:20:44.957Z,,75 Marketing - Rent/9614 B 75 Ave NW
185,YES,9115 150 St NW - Deal Breakdown Calculator.numbers,https://drive.google.com/file/d/16-4gRgVjv4e86VPAmfwnO4JnVty3mYGD/view?usp=drivesdk,884617,2024-07-30T16:32:32Z,9115 150,Flip Info/Flip Calculaytor & Formulas 
185,no,9115 150 St NW - Deal Breakdown Calculator.numbers,https://drive.google.com/file/d/1HU-x5twGu8ll0MG8LMdFJ4A87FK2Y4XT/view?usp=drivesdk,884617,2024-07-30T16:32:32.354Z,9115 150,(root)
186,YES,Condition Wavier.pdf,https://drive.google.com/file/d/13R5Qa0CT3SwMJ-IITJNYvWQ7t27ikaIm/view?usp=drivesdk,83535,2024-05-31T16:10:15.974Z,,Blank Purchase Contracts 
186,no,Condition Wavier.pdf,https://drive.google.com/file/d/1jSFm0c1O5vqybYnnrlKGv4IUi6qkRxxZ/view?usp=drivesdk,83535,2024-04-28T00:09:55.645Z,,Blank Purchase Contracts 
187,YES,IMG_3048.HEIC,https://drive.google.com/file/d/1o7kh8BlagVihoQEMUw6_DOCVhMIR484z/view?usp=drivesdk,3508588,2024-05-18T21:31:04.527Z,,Personal /CR/Mexico-Puerto Escondido/ZAPTA - Photos
187,no,IMG_3048.HEIC,https://drive.google.com/file/d/1ihtXjqxQzdsioDdGwXqpJgJG_2Uo0oXU/view?usp=drivesdk,3508588,2024-05-18T19:43:42.799Z,,Personal /CR/Mexico-Puerto Escondido/ZAPTA - Photos
188,YES,Screenshot 2024-05-18 105141.png,https://drive.google.com/file/d/1vtF-G8t7xVilhrX45MZ0lKqOu27v7PoK/view?usp=drivesdk,1153343,2024-05-18T16:51:41Z,,Personal /CR/Mexico-Puerto Escondido/ZAPTA - Photos
188,no,Screenshot 2024-05-18 105141.png,https://drive.google.com/file/d/1z7_KJVaMhDCdsxyv8gtVpd2-Sfgm3OoJ/view?usp=drivesdk,1153343,2024-05-18T16:51:41Z,,Personal /CR/Mexico-Puerto Escondido/ZAPTA - Photos
189,YES,Screenshot 2024-05-18 105115.png,https://drive.google.com/file/d/1oug7W1ZQlgpHuOzF9rhWinBmdVkOK3RD/view?usp=drivesdk,2543980,2024-05-18T16:51:15Z,,Personal /CR/Mexico-Puerto Escondido/ZAPTA - Photos
189,no,Screenshot 2024-05-18 105115.png,https://drive.google.com/file/d/1_CO2kj_h46dl64UgdVqjN44N5oN0DOvy/view?usp=drivesdk,2543980,2024-05-18T16:51:15Z,,Personal /CR/Mexico-Puerto Escondido/ZAPTA - Photos
190,YES,JVA-Full-Version-with-Schedule-B.pdf,https://drive.google.com/file/d/1UZjWsV3ssOJSfJeV9-9MPe0kBJtnMJjw/view?usp=drivesdk,523740,2024-05-15T21:19:38Z,,Blank Purchase Contracts /Seller Financing Offers 
190,no,JVA-Full-Version-with-Schedule-B.pdf,https://drive.google.com/file/d/1S-KEfAG1CEIQ3mp1L-pdlzB4xJZGjXQF/view?usp=drivesdk,523740,2023-10-20T19:58:46Z,,CORPORATION/2024 Tax Info/Sold Houses/Viking 
190,no,JVA-Full-Version-with-Schedule-B.pdf,https://drive.google.com/file/d/1fUkf0rpuKQUdLTR07l6iTneGev9NXziy/view?usp=drivesdk,523740,2023-10-20T19:58:46Z,,Blank Purchase Contracts 
191,YES,DONE-Different-techniques-AFS-VTB-RTO-1.pdf,https://drive.google.com/file/d/1KJmRwduN7w-_MklmArQra0SjPmmZ_3sA/view?usp=drivesdk,162552,2024-05-15T21:18:20Z,,Blank Purchase Contracts /Seller Financing Offers 
191,no,DONE-Different-techniques-AFS-VTB-RTO-1.pdf,https://drive.google.com/file/d/1HANvp_9maLeYi0TC9oeijwRjY9P9ANSc/view?usp=drivesdk,162552,2024-01-25T20:52:12Z,,John Downloads
192,YES,DONE-Definitions-and-Explanations-of-Seller-Financing-Terms-1.pdf,https://drive.google.com/file/d/1Zd8X6HmevbNeMezs1qO0xEYgIiCpbIF5/view?usp=drivesdk,220612,2024-05-15T21:17:53Z,,Blank Purchase Contracts /Seller Financing Offers 
192,no,DONE-Definitions-and-Explanations-of-Seller-Financing-Terms-1.pdf,https://drive.google.com/file/d/1D3JvdmioVGtDhATgi_fAtUlQQVm1raP7/view?usp=drivesdk,220612,2024-01-25T20:45:09Z,,John Downloads
193,YES,e53d977e-f104-47d8-a7ed-c4828dc6c413.mp4,https://drive.google.com/file/d/12rhNbgYgFk758gnzYY-xieWCiYhHxq5k/view?usp=drivesdk,2045913,2024-05-06T19:08:48.217Z,,Personal /CR/Mexico-Puerto Escondido/Puerto Escondido Clips 
193,no,e53d977e-f104-47d8-a7ed-c4828dc6c413.mp4,https://drive.google.com/file/d/17iJo9WwXgynsR4sJSxH7ut14dACcxvh5/view?usp=drivesdk,2045913,2024-05-06T19:08:46.248Z,,Personal /CR/Mexico-Puerto Escondido/Puerto Escondido Clips 
194,YES,April Invoice for Sunni.pdf,https://drive.google.com/file/d/14dM0OTaDtX3E4bm4EEfalYD_5znHNzXy/view?usp=drivesdk,41930,2024-05-02T04:22:40Z,,Invoices 
194,no,April Invoice for Sunni.pdf,https://drive.google.com/file/d/1l--0m-ZElF4XeWbhlnleuWiBw3qxqZbe/view?usp=drivesdk,41930,2024-05-02T04:22:40Z,,Invoices 
195,YES,192138744004_49607021_0_0.pdf,https://drive.google.com/file/d/15PXu0ROEAcAjyng7U8jnt7nemfZRZ3ni/view?usp=drivesdk,40167,2024-04-27T23:58:16Z,,NEW Properties /Titles Pulled 
195,no,192138744004_49607021_0_0.pdf,https://drive.google.com/file/d/1xFd7quWwkADkZiLcmR2JGtazU9UWRJXW/view?usp=drivesdk,40167,2024-01-31T20:53:12Z,,NEW Properties /Titles Pulled 
195,no,192138744004_49607021_0_0.pdf,https://drive.google.com/file/d/1t8DRflf-F8p3s0y12D41tHackOqir7wl/view?usp=drivesdk,40167,2024-01-31T20:53:12Z,,NEW Properties /Titles Pulled 
195,no,192138744004_49607021_0_0.pdf,https://drive.google.com/file/d/1bf-Sq49Wp_iaps_3Za26qRdIIEfQoUtm/view?usp=drivesdk,40167,2024-01-31T20:53:12Z,,NEW Properties /Titles Pulled 
196,YES,142064110001_49605321_0_0.pdf,https://drive.google.com/file/d/1TXBzn_u-Ep1GJDSzWxeHX0QEs8wksWoV/view?usp=drivesdk,42036,2024-04-27T23:54:12Z,,NEW Properties /Titles Pulled 
196,no,142064110001_49605321_0_0.pdf,https://drive.google.com/file/d/18PtCGqzU8rvyw8O6r6er6ROGvQZqa9z0/view?usp=drivesdk,42036,2024-01-31T20:29:12Z,,NEW Properties /Titles Pulled 
196,no,142064110001_49605321_0_0.pdf,https://drive.google.com/file/d/1yFALfPfVf2oUn4bwZ0EROvji635w3jzx/view?usp=drivesdk,42036,2024-01-31T20:29:12Z,,NEW Properties /Titles Pulled 
196,no,142064110001_49605321_0_0.pdf,https://drive.google.com/file/d/1SOFz2MO2DUClzsO9YofGb2p6l3Au7nbw/view?usp=drivesdk,42036,2024-01-31T20:29:12Z,,NEW Properties /Titles Pulled 
197,YES,992018905_49996769_0_0.pdf,https://drive.google.com/file/d/1DgNd1EYbW--x38kwz3EliiHTTuV3ei5v/view?usp=drivesdk,42407,2024-04-27T23:52:53Z,,NEW Properties /Titles Pulled 
197,no,992018905_49996769_0_0.pdf,https://drive.google.com/file/d/1w9NdvCm-MZerWozs5KLzLzN_dZN2dq5C/view?usp=drivesdk,42407,2024-03-15T22:06:48Z,,NEW Properties /Titles Pulled 
197,no,992018905_49996769_0_0.pdf,https://drive.google.com/file/d/1vTHEEd0_Y8yxw3MlV-FYiyCwFJfO9mtJ/view?usp=drivesdk,42407,2024-03-15T22:06:48Z,,NEW Properties /Titles Pulled 
197,no,992018905_49996769_0_0.pdf,https://drive.google.com/file/d/1JC9dGVZmYQtxwTg8mKOGle7GTIhNIXAB/view?usp=drivesdk,42407,2024-03-15T22:06:48Z,,NEW Properties /Titles Pulled 
198,YES,5K Canada list 0.csv,https://drive.google.com/file/d/1tx9t0SqB4QliuS3tTE91trJ4iMHnk1Md/view?usp=drivesdk,315477,2024-04-21T00:11:11.036Z,,CORPORATION/Employee/Employees 
198,no,5K Canada list 0.csv,https://drive.google.com/file/d/13lauypPnyCqtzDvlUezawvKBLABqwb5d/view?usp=drivesdk,315477,2024-04-07T15:55:17.443Z,,Co-Star Calls  To Make 
199,YES,IMG_4283.HEIC,https://drive.google.com/file/d/16PHZ3ucwdkw6N6CYL9nmwbbg-H7mmwOF/view?usp=drivesdk,1169383,2024-03-14T14:59:47.848Z,,Duplex Canora (27/29)
199,no,IMG_4283.HEIC,https://drive.google.com/file/d/16D3mu7jo5e6YANO1BViF2b7eE9EjTce6/view?usp=drivesdk,1169383,2024-03-14T14:58:13.542Z,,Duplex Canora (27/29)
200,YES,Old- Residential-Purchase-Contract.pdf,https://drive.google.com/file/d/1r-kfO08-_LxiEzLy_61xDe0WiWcOGNP0/view?usp=drivesdk,345374,2024-03-09T18:44:34Z,,Blank Purchase Contracts 
200,no,Old- Residential-Purchase-Contract.pdf,https://drive.google.com/file/d/1ZNStsKzlTpsfoKpBtfcVSQ89umGLasBC/view?usp=drivesdk,345374,2024-03-09T18:44:34Z,,Blank Purchase Contracts 
201,YES,Yes masters scripts.pdf,https://drive.google.com/file/d/12tdR8OPCnPqedCrHtW6AxyOo8lCnCjco/view?usp=drivesdk,557108,2024-02-07T18:07:51Z,,CORPORATION/MAX- Sheets
201,no,Yes masters scripts.pdf,https://drive.google.com/file/d/1VwhPedImhbqKWEB33fPSNr1k2q0UlGEF/view?usp=drivesdk,557108,2024-02-07T17:57:44Z,,Wholesale /Scripts: Cold Calls
202,YES,Home Owners New Jersey.xlsx,https://drive.google.com/file/d/1rBCBgIOuNTzY6f-0Zbq2Zex0DyFy43kT/view?usp=drivesdk,4498,2023-11-22T19:28:38Z,,LEADS////SPREADSHEETS!
202,no,Home Owners New Jersey.xlsx,https://drive.google.com/file/d/1wEHIdne8ps_GZnAHs2Vrshhp_GXgRQtQ/view?usp=drivesdk,4498,2023-11-22T19:28:36Z,,
203,YES,Loan Agreement.pdf,https://drive.google.com/file/d/1ohcE6QieUHIlVD04ePYTOb6SZ4B3u-90/view?usp=drivesdk,395780,2023-10-19T02:51:38Z,,Blank Purchase Contracts /Seller Financing Offers 
203,no,Loan Agreement.pdf,https://drive.google.com/file/d/1kygCMe0g9-3KC3mjyG-CWH0dJEkWzUL2/view?usp=drivesdk,395780,2023-10-19T02:51:38Z,,CORPORATION/2024 Tax Info/Sold Houses/Viking 
204,YES,Disclosure Statment.pdf,https://drive.google.com/file/d/1oJ8QHwnVZHOFu8QF6mzL01YWEuPiN34T/view?usp=drivesdk,211231,2023-10-19T02:40:00Z,,Blank Purchase Contracts /Seller Financing Offers 
204,no,Disclosure Statment.pdf,https://drive.google.com/file/d/10zFiAsu0PpVDJU0lgXfzmziqqzi4MxpX/view?usp=drivesdk,211231,2023-10-19T02:40:00Z,,CORPORATION/2024 Tax Info/Sold Houses/Viking 
205,YES,Viking Residential Purchase Contract.pdf,https://drive.google.com/file/d/17vOjjDD8zE9kfR_lXMpnpINRoiFMOsC_/view?usp=drivesdk,5320177,2023-10-19T02:18:01Z,,CORPORATION/2024 Tax Info/Sold Houses/Viking 
205,no,Viking Residential Purchase Contract.pdf,https://drive.google.com/file/d/1t6oqHsmeA8UyZXPMpUxcaxMXf5boXfnD/view?usp=drivesdk,5320177,2023-10-19T02:18:01Z,,Blank Purchase Contracts /Purchase Contracts- Filled out 
206,YES,Offer for Viking.pdf,https://drive.google.com/file/d/1D0twlVJp5Uh4V0og-1ObcZx1u-LzVRDI/view?usp=drivesdk,5320806,2023-10-19T02:12:09Z,,Blank Purchase Contracts /Seller Financing Offers 
206,no,Offer for Viking.pdf,https://drive.google.com/file/d/1Ej4hCj-krcX2qZpsmk1seQSPRpROjxq7/view?usp=drivesdk,5320806,2023-10-19T02:12:09Z,,CORPORATION/2024 Tax Info/Sold Houses/Viking 
